,adapter.n.02,adobe.n.02,ampere.n.01,armenian.n.03,bathtub.n.01,bel.n.01,bible.n.02,cam.n.02,car.n.02,church_service.n.01,circuit_breaker.n.01,comprehensive_examination.n.01,console_table.n.01,controversy.n.01,converter.n.01,cursor.n.01,day.n.04,dram.n.01,driver.n.05,dyer.n.01,ethernet.n.01,familiar.n.03,fiberglass.n.01,font.n.01,goal.n.04,gram.n.01,great.n.01,gunman.n.02,hexagon.n.01,hoard.n.01,human_immunodeficiency_virus.n.01,junior.n.04,keyboard.n.01,kilometer.n.01,leo.n.03,liaison.n.02,lyric.n.02,ma.n.01,macintosh.n.02,magnesium.n.01,manta.n.01,marriage.n.04,microphone.n.01,million.n.01,mistake.n.01,mode.n.06,mortarboard.n.01,motorcycle.n.01,musical_instrument_digital_interface.n.01,nan.n.04,national_rifle_association.n.01,new_mexico.n.01,objective.n.02,ocean.n.01,omnipotence.n.01,pawl.n.01,performance.n.02,peter.n.01,phone.n.02,phosphorus.n.01,plot.n.01,pointer.n.04,policy.n.03,pop_music.n.01,portland.n.02,price.n.05,range.n.04,reduced_instruction_set_computing.n.01,restrainer.n.02,rhode_island.n.01,ruthenium.n.01,scanner.n.04,senator.n.01,signal.n.01,slide.n.05,small_computer_system_interface.n.01,space.n.08,speaker.n.03,spice.n.02,starter.n.07,stick.n.03,subject.n.06,sunlight.n.01,tempest.n.02,testing.n.02,thinker.n.01,tiger.n.02,tire.n.01,transcript.n.02,tribe.n.01,turk.n.01,variety_show.n.01,version.n.06,volt.n.01,wagon.n.04,winder.n.02,windowpane.n.01,wise_men.n.01,wrong.n.02,yeast.n.01
familiar.n.03,0.0,0.0,0.0,0.0,0.0,0.0,0.0,0.0,0.0,1.7812696529610101,0.0,1.7812696529610101,0.0,1.7812696529610101,0.0,0.0,0.0,0.0,0.0,0.0,0.0,9.930488865852519,0.0,0.0,1.7812696529610101,0.0,0.0,0.0,0.0,0.0,0.0,0.0,0.0,0.0,0.0,1.7812696529610101,0.0,0.0,0.0,0.0,0.0,0.0,0.0,0.0,1.7812696529610101,3.08626091059802,0.0,0.0,0.0,0.0,0.0,0.0,0.0,0.0,0.0,0.0,1.7812696529610101,5.86525385184978,0.0,0.0,3.7002252159438,0.0,0.0,0.0,0.0,0.0,0.0,0.0,0.0,0.0,0.0,0.0,0.0,0.0,1.7812696529610101,0.0,0.0,0.0,0.0,0.0,0.0,0.0,0.0,0.0,1.7812696529610101,0.0,0.0,0.0,0.0,0.0,0.0,1.7812696529610101,1.7812696529610101,0.0,0.0,0.0,0.0,0.0,1.7812696529610101,0.0
microphone.n.01,4.2086495709425495,3.35394846143047,0.0,0.0,3.35394846143047,0.0,2.56104499047427,4.2086495709425495,3.35394846143047,0.0,6.973747537180389,0.0,3.35394846143047,0.0,4.2086495709425495,4.2086495709425495,0.0,0.0,3.35394846143047,1.55201187493294,3.35394846143047,0.0,2.56104499047427,0.0,0.0,0.0,1.55201187493294,1.55201187493294,0.0,0.0,1.55201187493294,1.55201187493294,4.2086495709425495,0.0,1.2731327020020802,0.0,0.0,1.55201187493294,2.56104499047427,0.0,2.56104499047427,0.0,9.95651263927382,0.0,0.0,0.0,2.56104499047427,3.35394846143047,0.0,0.0,0.0,1.2731327020020802,4.2086495709425495,0.0,0.0,4.2086495709425495,0.0,1.55201187493294,0.0,0.0,0.0,1.55201187493294,0.0,0.0,1.2731327020020802,0.0,1.2731327020020802,0.0,1.55201187493294,1.2731327020020802,0.0,3.35394846143047,1.55201187493294,0.0,0.0,6.973747537180389,0.0,1.55201187493294,0.0,0.0,3.35394846143047,1.55201187493294,0.0,0.0,0.0,1.55201187493294,1.55201187493294,2.56104499047427,0.0,0.0,1.55201187493294,0.0,0.0,0.0,3.35394846143047,4.2086495709425495,2.56104499047427,0.0,0.0,0.0
leo.n.03,1.2731327020020802,1.2731327020020802,0.0,0.0,1.2731327020020802,0.0,1.2731327020020802,1.2731327020020802,1.2731327020020802,0.0,1.2731327020020802,0.0,1.2731327020020802,0.0,1.2731327020020802,1.2731327020020802,0.0,0.0,1.2731327020020802,1.2731327020020802,1.2731327020020802,0.0,1.2731327020020802,0.0,0.0,0.0,1.2731327020020802,1.2731327020020802,0.0,0.0,1.2731327020020802,1.2731327020020802,1.2731327020020802,0.0,11.2719326608071,0.0,0.0,1.2731327020020802,1.2731327020020802,0.0,1.2731327020020802,0.0,1.2731327020020802,0.0,0.0,0.0,1.2731327020020802,1.2731327020020802,0.0,0.0,0.0,2.7939330074741697,1.2731327020020802,0.0,0.0,1.2731327020020802,0.0,1.2731327020020802,0.0,0.0,0.0,1.2731327020020802,0.0,0.0,2.7939330074741697,0.0,1.2731327020020802,0.0,1.2731327020020802,2.7939330074741697,0.0,1.2731327020020802,1.2731327020020802,0.0,0.0,1.2731327020020802,0.0,1.2731327020020802,0.0,0.0,1.2731327020020802,1.2731327020020802,0.0,0.0,0.0,1.2731327020020802,1.2731327020020802,1.2731327020020802,0.0,0.0,1.2731327020020802,0.0,0.0,0.0,1.2731327020020802,1.2731327020020802,1.2731327020020802,0.0,0.0,0.0
nan.n.04,0.0,0.0,0.0,0.0,0.0,0.0,0.0,0.0,0.0,0.0,0.0,0.0,0.0,0.0,0.0,0.0,0.0,0.0,0.0,0.0,0.0,0.0,0.0,0.0,0.0,0.0,0.0,0.0,0.0,0.0,0.0,0.0,0.0,0.0,0.0,0.0,0.0,0.0,0.0,3.0913112332169503,0.0,0.0,0.0,0.0,0.0,0.0,0.0,0.0,0.0,13.5232244594136,0.0,0.0,0.0,0.0,0.0,0.0,0.0,0.0,0.0,3.0913112332169503,0.0,0.0,0.0,0.0,0.0,0.0,0.0,0.0,0.0,0.0,3.0913112332169503,0.0,0.0,0.0,0.0,0.0,0.0,0.0,6.71313578521926,0.0,0.0,0.0,0.0,0.0,0.0,0.0,0.0,0.0,0.0,0.0,0.0,0.0,0.0,0.0,0.0,0.0,0.0,0.0,0.0,4.473765924240981
gram.n.01,0.0,0.0,4.07489798153414,0.0,0.0,4.07489798153414,0.0,0.0,0.0,0.0,0.0,0.0,0.0,0.0,0.0,0.0,2.35783709233789,4.07489798153414,0.0,0.0,0.0,0.0,0.0,0.0,0.0,8.23411603195082,0.0,0.0,0.0,0.0,0.0,0.0,0.0,7.32046506837914,0.0,0.0,0.0,0.0,0.0,0.0,0.0,0.0,0.0,3.05553582936798,0.0,0.0,0.0,0.0,0.0,0.0,0.0,0.0,0.0,0.0,0.0,0.0,0.0,0.0,0.0,0.0,0.0,0.0,0.0,0.0,0.0,0.0,0.0,0.0,0.0,0.0,0.0,0.0,0.0,0.0,0.0,0.0,0.0,0.0,0.0,0.0,0.0,0.0,0.0,0.0,0.0,0.0,0.0,0.0,0.0,0.0,0.0,0.0,0.0,4.07489798153414,0.0,0.0,0.0,0.0,0.0,0.0
wagon.n.04,3.35394846143047,3.35394846143047,0.0,0.0,5.4650709274516,0.0,2.56104499047427,3.35394846143047,6.2430749992667005,0.0,3.35394846143047,0.0,3.35394846143047,0.0,3.35394846143047,3.35394846143047,0.0,0.0,3.35394846143047,1.55201187493294,3.35394846143047,0.0,2.56104499047427,0.0,0.0,0.0,1.55201187493294,1.55201187493294,0.0,0.0,1.55201187493294,1.55201187493294,3.35394846143047,0.0,1.2731327020020802,0.0,0.0,1.55201187493294,2.56104499047427,0.0,2.56104499047427,0.0,3.35394846143047,0.0,0.0,0.0,2.56104499047427,6.2430749992667005,0.0,0.0,0.0,1.2731327020020802,3.35394846143047,0.0,0.0,3.35394846143047,0.0,1.55201187493294,0.0,0.0,0.0,1.55201187493294,0.0,0.0,1.2731327020020802,0.0,1.2731327020020802,0.0,1.55201187493294,1.2731327020020802,0.0,3.35394846143047,1.55201187493294,0.0,0.0,3.35394846143047,0.0,1.55201187493294,0.0,0.0,3.35394846143047,1.55201187493294,0.0,0.0,0.0,1.55201187493294,1.55201187493294,2.56104499047427,0.0,0.0,1.55201187493294,0.0,0.0,0.0,12.9354377945114,3.35394846143047,2.56104499047427,0.0,0.0,0.0
small_computer_system_interface.n.01,4.2086495709425495,3.35394846143047,0.0,0.0,3.35394846143047,0.0,2.56104499047427,4.2086495709425495,3.35394846143047,0.0,6.973747537180389,0.0,3.35394846143047,0.0,4.2086495709425495,4.2086495709425495,0.0,0.0,3.35394846143047,1.55201187493294,3.35394846143047,0.0,2.56104499047427,0.0,0.0,0.0,1.55201187493294,1.55201187493294,0.0,0.0,1.55201187493294,1.55201187493294,4.2086495709425495,0.0,1.2731327020020802,0.0,0.0,1.55201187493294,2.56104499047427,0.0,2.56104499047427,0.0,6.973747537180389,0.0,0.0,0.0,2.56104499047427,3.35394846143047,0.0,0.0,0.0,1.2731327020020802,4.2086495709425495,0.0,0.0,4.2086495709425495,0.0,1.55201187493294,0.0,0.0,0.0,1.55201187493294,0.0,0.0,1.2731327020020802,0.0,1.2731327020020802,0.0,1.55201187493294,1.2731327020020802,0.0,3.35394846143047,1.55201187493294,0.0,0.0,13.5232244594136,0.0,1.55201187493294,0.0,0.0,3.35394846143047,1.55201187493294,0.0,0.0,0.0,1.55201187493294,1.55201187493294,2.56104499047427,0.0,0.0,1.55201187493294,0.0,0.0,0.0,3.35394846143047,4.2086495709425495,2.56104499047427,0.0,0.0,0.0
objective.n.02,4.2086495709425495,3.35394846143047,0.0,0.0,3.35394846143047,0.0,2.56104499047427,4.2086495709425495,3.35394846143047,0.0,4.2086495709425495,0.0,3.35394846143047,0.0,4.2086495709425495,4.2086495709425495,0.0,0.0,3.35394846143047,1.55201187493294,3.35394846143047,0.0,2.56104499047427,0.0,0.0,0.0,1.55201187493294,1.55201187493294,0.0,0.0,1.55201187493294,1.55201187493294,4.2086495709425495,0.0,1.2731327020020802,0.0,0.0,1.55201187493294,2.56104499047427,0.0,2.56104499047427,0.0,4.2086495709425495,0.0,0.0,0.0,2.56104499047427,3.35394846143047,0.0,0.0,0.0,1.2731327020020802,10.502799573269199,0.0,0.0,4.2086495709425495,0.0,1.55201187493294,0.0,0.0,0.0,1.55201187493294,0.0,0.0,1.2731327020020802,0.0,1.2731327020020802,0.0,1.55201187493294,1.2731327020020802,0.0,3.35394846143047,1.55201187493294,0.0,0.0,4.2086495709425495,0.0,1.55201187493294,0.0,0.0,3.35394846143047,1.55201187493294,0.0,0.0,0.0,1.55201187493294,1.55201187493294,2.56104499047427,0.0,0.0,1.55201187493294,0.0,0.0,0.0,3.35394846143047,4.2086495709425495,2.56104499047427,0.0,0.0,0.0
comprehensive_examination.n.01,0.0,0.0,0.0,0.0,0.0,0.0,0.0,0.0,0.0,2.4322246232977798,0.0,9.88563829968716,0.0,2.4322246232977798,0.0,0.0,0.0,0.0,0.0,0.0,0.0,1.7812696529610101,0.0,0.0,2.4322246232977798,0.0,0.0,0.0,0.0,0.0,0.0,0.0,0.0,0.0,0.0,6.728099039267451,0.0,0.0,0.0,0.0,0.0,0.0,0.0,0.0,2.4322246232977798,1.7812696529610101,0.0,0.0,0.0,0.0,0.0,0.0,0.0,0.0,0.0,0.0,2.4322246232977798,1.7812696529610101,0.0,0.0,1.7812696529610101,0.0,0.0,0.0,0.0,0.0,0.0,0.0,0.0,0.0,0.0,0.0,0.0,0.0,2.4322246232977798,0.0,0.0,0.0,0.0,0.0,0.0,0.0,0.0,0.0,2.4322246232977798,0.0,0.0,0.0,0.0,0.0,0.0,2.10449043503241,2.4322246232977798,0.0,0.0,0.0,0.0,0.0,2.4322246232977798,0.0
goal.n.04,0.0,0.0,0.0,0.0,0.0,0.0,0.0,0.0,0.0,2.4322246232977798,0.0,2.4322246232977798,0.0,2.4322246232977798,0.0,0.0,0.0,0.0,0.0,0.0,0.0,1.7812696529610101,0.0,0.0,10.1999886192211,0.0,0.0,0.0,0.0,0.0,0.0,0.0,0.0,0.0,0.0,2.4322246232977798,0.0,0.0,0.0,0.0,0.0,0.0,0.0,0.0,2.4322246232977798,1.7812696529610101,0.0,0.0,0.0,0.0,0.0,0.0,0.0,0.0,0.0,0.0,2.4322246232977798,1.7812696529610101,0.0,0.0,1.7812696529610101,0.0,0.0,0.0,0.0,0.0,0.0,0.0,0.0,0.0,0.0,0.0,0.0,0.0,4.03650768924725,0.0,0.0,0.0,0.0,0.0,0.0,0.0,0.0,0.0,2.4322246232977798,0.0,0.0,0.0,0.0,0.0,0.0,2.10449043503241,4.03650768924725,0.0,0.0,0.0,0.0,0.0,2.4322246232977798,0.0
starter.n.07,0.0,0.0,0.0,0.0,0.0,0.0,0.0,0.0,0.0,0.0,0.0,0.0,0.0,0.0,0.0,0.0,0.0,0.0,0.0,0.0,0.0,0.0,0.0,0.0,0.0,0.0,0.0,0.0,0.0,0.0,0.0,0.0,0.0,0.0,0.0,0.0,0.0,0.0,0.0,0.0,0.0,0.0,0.0,0.0,0.0,0.0,0.0,0.0,0.0,0.0,0.0,0.0,0.0,0.0,0.0,0.0,0.0,0.0,0.0,0.0,0.0,0.0,0.0,0.0,0.0,0.0,0.0,0.0,0.0,0.0,0.0,0.0,0.0,0.0,0.0,0.0,0.0,0.0,0.0,12.8300772788536,0.0,0.0,4.45461084887255,4.45461084887255,0.0,0.0,0.0,0.0,0.0,0.0,0.0,0.0,0.0,0.0,0.0,0.0,0.0,0.0,0.0,0.0
cursor.n.01,4.2086495709425495,3.35394846143047,0.0,0.0,3.35394846143047,0.0,2.56104499047427,4.2086495709425495,3.35394846143047,0.0,4.2086495709425495,0.0,3.35394846143047,0.0,4.2086495709425495,13.3000809080993,0.0,0.0,3.35394846143047,1.55201187493294,3.35394846143047,0.0,2.56104499047427,0.0,0.0,0.0,1.55201187493294,1.55201187493294,0.0,0.0,1.55201187493294,1.55201187493294,4.2086495709425495,0.0,1.2731327020020802,0.0,0.0,1.55201187493294,2.56104499047427,0.0,2.56104499047427,0.0,4.2086495709425495,0.0,0.0,0.0,2.56104499047427,3.35394846143047,0.0,0.0,0.0,1.2731327020020802,4.2086495709425495,0.0,0.0,4.2086495709425495,0.0,1.55201187493294,0.0,0.0,0.0,1.55201187493294,0.0,0.0,1.2731327020020802,0.0,1.2731327020020802,0.0,1.55201187493294,1.2731327020020802,0.0,3.35394846143047,1.55201187493294,0.0,0.0,4.2086495709425495,0.0,1.55201187493294,0.0,0.0,3.35394846143047,1.55201187493294,0.0,0.0,0.0,1.55201187493294,1.55201187493294,2.56104499047427,0.0,0.0,1.55201187493294,0.0,0.0,0.0,3.35394846143047,4.2086495709425495,2.56104499047427,0.0,0.0,0.0
testing.n.02,0.0,0.0,0.0,0.0,0.0,0.0,0.0,0.0,0.0,3.3958587352941096,0.0,2.4322246232977798,0.0,2.4322246232977798,0.0,0.0,0.0,0.0,0.0,0.0,0.0,1.7812696529610101,0.0,0.0,2.4322246232977798,0.0,0.0,0.0,0.0,0.0,0.0,0.0,0.0,0.0,0.0,2.4322246232977798,0.0,0.0,0.0,0.0,0.0,0.0,0.0,0.0,2.4322246232977798,1.7812696529610101,0.0,0.0,0.0,0.0,0.0,0.0,0.0,0.0,0.0,0.0,3.3958587352941096,1.7812696529610101,0.0,0.0,1.7812696529610101,0.0,0.0,0.0,0.0,0.0,0.0,0.0,0.0,0.0,0.0,0.0,0.0,0.0,2.4322246232977798,0.0,0.0,0.0,0.0,0.0,0.0,0.0,0.0,0.0,10.6099684076838,0.0,0.0,0.0,0.0,0.0,0.0,2.10449043503241,2.4322246232977798,0.0,0.0,0.0,0.0,0.0,3.3958587352941096,0.0
musical_instrument_digital_interface.n.01,0.0,0.0,0.0,3.96051530013872,0.0,0.0,0.0,0.0,0.0,0.0,0.0,0.0,0.0,0.0,0.0,0.0,0.0,0.0,0.0,0.0,0.0,0.0,0.0,2.8843543969009797,0.0,0.0,0.0,0.0,0.0,0.0,0.0,0.0,0.0,0.0,0.0,0.0,2.8843543969009797,0.0,0.0,0.0,0.0,0.0,0.0,0.0,0.0,0.0,0.0,0.0,12.0191470626373,0.0,0.0,0.0,0.0,0.0,0.0,0.0,0.0,0.0,0.0,0.0,0.0,0.0,3.96051530013872,2.8843543969009797,0.0,3.96051530013872,0.0,0.0,0.0,0.0,0.0,0.0,0.0,2.8843543969009797,0.0,0.0,0.0,0.0,0.0,0.0,0.0,0.0,0.0,0.0,0.0,0.0,0.0,0.0,2.8843543969009797,0.0,0.0,0.0,0.0,0.0,0.0,0.0,0.0,0.0,0.0,0.0
version.n.06,0.0,0.0,0.0,0.0,0.0,0.0,0.0,0.0,0.0,2.4322246232977798,0.0,2.4322246232977798,0.0,2.4322246232977798,0.0,0.0,0.0,0.0,0.0,0.0,0.0,1.7812696529610101,0.0,0.0,4.03650768924725,0.0,0.0,0.0,0.0,0.0,0.0,0.0,0.0,0.0,0.0,2.4322246232977798,0.0,0.0,0.0,0.0,0.0,0.0,0.0,0.0,2.4322246232977798,1.7812696529610101,0.0,0.0,0.0,0.0,0.0,0.0,0.0,0.0,0.0,0.0,2.4322246232977798,1.7812696529610101,0.0,0.0,1.7812696529610101,0.0,0.0,0.0,0.0,0.0,0.0,0.0,0.0,0.0,0.0,0.0,0.0,0.0,4.3421991311504105,0.0,0.0,0.0,0.0,0.0,0.0,0.0,0.0,0.0,2.4322246232977798,0.0,0.0,0.0,0.0,0.0,0.0,2.10449043503241,10.470796842183,0.0,0.0,0.0,0.0,0.0,2.4322246232977798,0.0
policy.n.03,0.0,0.0,0.0,4.20092767769385,0.0,0.0,0.0,0.0,0.0,0.0,0.0,0.0,0.0,0.0,0.0,0.0,0.0,0.0,0.0,0.0,0.0,0.0,0.0,2.8843543969009797,0.0,0.0,0.0,0.0,0.0,0.0,0.0,0.0,0.0,0.0,0.0,0.0,4.40419191634838,0.0,0.0,0.0,0.0,0.0,0.0,0.0,0.0,0.0,0.0,0.0,3.96051530013872,0.0,0.0,0.0,0.0,0.0,0.0,0.0,0.0,0.0,0.0,0.0,0.0,0.0,7.95059525497689,2.8843543969009797,0.0,3.96051530013872,0.0,0.0,0.0,0.0,0.0,0.0,0.0,2.8843543969009797,0.0,0.0,0.0,0.0,0.0,0.0,0.0,0.0,0.0,0.0,0.0,0.0,0.0,0.0,2.8843543969009797,0.0,0.0,0.0,0.0,0.0,0.0,0.0,0.0,0.0,0.0,0.0
tire.n.01,2.56104499047427,2.56104499047427,0.0,0.0,2.56104499047427,0.0,2.56104499047427,2.56104499047427,2.56104499047427,0.0,2.56104499047427,0.0,2.56104499047427,0.0,2.56104499047427,2.56104499047427,0.0,0.0,2.56104499047427,1.55201187493294,2.56104499047427,0.0,2.56104499047427,0.0,0.0,0.0,1.55201187493294,1.55201187493294,0.0,0.0,1.55201187493294,1.55201187493294,2.56104499047427,0.0,1.2731327020020802,0.0,0.0,1.55201187493294,2.56104499047427,0.0,2.56104499047427,0.0,2.56104499047427,0.0,0.0,0.0,2.56104499047427,2.56104499047427,0.0,0.0,0.0,1.2731327020020802,2.56104499047427,0.0,0.0,2.56104499047427,0.0,1.55201187493294,0.0,0.0,0.0,1.55201187493294,0.0,0.0,1.2731327020020802,0.0,1.2731327020020802,0.0,1.55201187493294,1.2731327020020802,0.0,2.56104499047427,1.55201187493294,0.0,0.0,2.56104499047427,0.0,1.55201187493294,0.0,0.0,2.56104499047427,1.55201187493294,0.0,0.0,0.0,1.55201187493294,1.55201187493294,9.32682842180208,0.0,0.0,1.55201187493294,0.0,0.0,0.0,2.56104499047427,2.56104499047427,2.56104499047427,0.0,0.0,0.0
phosphorus.n.01,0.0,0.0,0.0,0.0,0.0,0.0,0.0,0.0,0.0,0.0,0.0,0.0,0.0,0.0,0.0,0.0,0.0,0.0,0.0,0.0,0.0,0.0,0.0,0.0,0.0,0.0,0.0,0.0,0.0,2.5950833564052402,0.0,0.0,0.0,0.0,0.0,0.0,0.0,0.0,0.0,4.4314736554287,0.0,0.0,0.0,0.0,0.0,0.0,0.0,0.0,0.0,0.0,0.0,0.0,0.0,0.0,0.0,0.0,0.0,0.0,0.0,8.05868668895092,0.0,0.0,0.0,0.0,0.0,0.0,0.0,0.0,0.0,0.0,4.4314736554287,0.0,0.0,0.0,0.0,0.0,0.0,0.0,0.0,0.0,0.0,0.0,0.0,0.0,0.0,0.0,0.0,0.0,0.0,0.0,0.0,0.0,0.0,0.0,0.0,0.0,0.0,0.0,0.0,0.0
tiger.n.02,1.55201187493294,1.55201187493294,0.0,0.0,1.55201187493294,0.0,1.55201187493294,1.55201187493294,1.55201187493294,0.0,1.55201187493294,0.0,1.55201187493294,0.0,1.55201187493294,1.55201187493294,0.0,0.0,1.55201187493294,2.04901826179671,1.55201187493294,0.0,1.55201187493294,0.0,0.0,0.0,2.04901826179671,2.04901826179671,0.0,0.0,2.04901826179671,2.04901826179671,1.55201187493294,0.0,1.2731327020020802,0.0,0.0,2.04901826179671,1.55201187493294,0.0,1.55201187493294,0.0,1.55201187493294,0.0,0.0,0.0,1.55201187493294,1.55201187493294,0.0,0.0,0.0,1.2731327020020802,1.55201187493294,0.0,0.0,1.55201187493294,0.0,2.04901826179671,0.0,0.0,0.0,6.87573458843386,0.0,0.0,1.2731327020020802,0.0,1.2731327020020802,0.0,2.04901826179671,1.2731327020020802,0.0,1.55201187493294,2.04901826179671,0.0,0.0,1.55201187493294,0.0,2.04901826179671,0.0,0.0,1.55201187493294,2.04901826179671,0.0,0.0,0.0,2.04901826179671,10.5109628839084,1.55201187493294,0.0,0.0,2.04901826179671,0.0,0.0,0.0,1.55201187493294,1.55201187493294,1.55201187493294,0.0,0.0,0.0
thinker.n.01,1.55201187493294,1.55201187493294,0.0,0.0,1.55201187493294,0.0,1.55201187493294,1.55201187493294,1.55201187493294,0.0,1.55201187493294,0.0,1.55201187493294,0.0,1.55201187493294,1.55201187493294,0.0,0.0,1.55201187493294,2.22259267299011,1.55201187493294,0.0,1.55201187493294,0.0,0.0,0.0,2.22259267299011,2.22259267299011,0.0,0.0,2.17305119930379,2.22259267299011,1.55201187493294,0.0,1.2731327020020802,0.0,0.0,2.22259267299011,1.55201187493294,0.0,1.55201187493294,0.0,1.55201187493294,0.0,0.0,0.0,1.55201187493294,1.55201187493294,0.0,0.0,0.0,1.2731327020020802,1.55201187493294,0.0,0.0,1.55201187493294,0.0,2.22259267299011,0.0,0.0,0.0,2.04901826179671,0.0,0.0,1.2731327020020802,0.0,1.2731327020020802,0.0,2.22259267299011,1.2731327020020802,0.0,1.55201187493294,2.22259267299011,0.0,0.0,1.55201187493294,0.0,2.22259267299011,0.0,0.0,1.55201187493294,2.22259267299011,0.0,0.0,0.0,10.8639644224808,2.04901826179671,1.55201187493294,0.0,0.0,2.22259267299011,0.0,0.0,0.0,1.55201187493294,1.55201187493294,1.55201187493294,0.0,0.0,0.0
winder.n.02,4.2086495709425495,3.35394846143047,0.0,0.0,3.35394846143047,0.0,2.56104499047427,5.744037772853019,3.35394846143047,0.0,4.2086495709425495,0.0,3.35394846143047,0.0,4.2086495709425495,4.2086495709425495,0.0,0.0,3.35394846143047,1.55201187493294,3.35394846143047,0.0,2.56104499047427,0.0,0.0,0.0,1.55201187493294,1.55201187493294,0.0,0.0,1.55201187493294,1.55201187493294,4.2086495709425495,0.0,1.2731327020020802,0.0,0.0,1.55201187493294,2.56104499047427,0.0,2.56104499047427,0.0,4.2086495709425495,0.0,0.0,0.0,2.56104499047427,3.35394846143047,0.0,0.0,0.0,1.2731327020020802,4.2086495709425495,0.0,0.0,4.2086495709425495,0.0,1.55201187493294,0.0,0.0,0.0,1.55201187493294,0.0,0.0,1.2731327020020802,0.0,1.2731327020020802,0.0,1.55201187493294,1.2731327020020802,0.0,3.35394846143047,1.55201187493294,0.0,0.0,4.2086495709425495,0.0,1.55201187493294,0.0,0.0,3.35394846143047,1.55201187493294,0.0,0.0,0.0,1.55201187493294,1.55201187493294,2.56104499047427,0.0,0.0,1.55201187493294,0.0,0.0,0.0,3.35394846143047,10.9895276454561,2.56104499047427,0.0,0.0,0.0
ma.n.01,1.55201187493294,1.55201187493294,0.0,0.0,1.55201187493294,0.0,1.55201187493294,1.55201187493294,1.55201187493294,0.0,1.55201187493294,0.0,1.55201187493294,0.0,1.55201187493294,1.55201187493294,0.0,0.0,1.55201187493294,2.22259267299011,1.55201187493294,0.0,1.55201187493294,0.0,0.0,0.0,2.22259267299011,2.22259267299011,0.0,0.0,2.17305119930379,6.30450087930125,1.55201187493294,0.0,1.2731327020020802,0.0,0.0,11.0523040516003,1.55201187493294,0.0,1.55201187493294,0.0,1.55201187493294,0.0,0.0,0.0,1.55201187493294,1.55201187493294,0.0,0.0,0.0,1.2731327020020802,1.55201187493294,0.0,0.0,1.55201187493294,0.0,2.22259267299011,0.0,0.0,0.0,2.04901826179671,0.0,0.0,1.2731327020020802,0.0,1.2731327020020802,0.0,2.22259267299011,1.2731327020020802,0.0,1.55201187493294,2.22259267299011,0.0,0.0,1.55201187493294,0.0,2.22259267299011,0.0,0.0,1.55201187493294,2.22259267299011,0.0,0.0,0.0,2.22259267299011,2.04901826179671,1.55201187493294,0.0,0.0,2.22259267299011,0.0,0.0,0.0,1.55201187493294,1.55201187493294,1.55201187493294,0.0,0.0,0.0
hoard.n.01,0.0,0.0,0.0,0.0,0.0,0.0,0.0,0.0,0.0,0.0,0.0,0.0,0.0,0.0,0.0,0.0,0.0,0.0,0.0,0.0,0.0,0.0,0.0,0.0,0.0,0.0,0.0,0.0,0.0,11.6773977689152,0.0,0.0,0.0,0.0,0.0,0.0,0.0,0.0,0.0,2.5950833564052402,0.0,0.0,0.0,0.0,0.0,0.0,0.0,0.0,0.0,0.0,0.0,0.0,0.0,0.0,0.0,0.0,0.0,0.0,2.5950833564052402,2.5950833564052402,0.0,0.0,0.0,0.0,0.0,0.0,0.0,0.0,0.0,0.0,2.5950833564052402,0.0,0.0,0.0,0.0,0.0,0.0,0.0,0.0,0.0,0.0,0.0,0.0,0.0,0.0,0.0,0.0,0.0,0.0,0.0,0.0,0.0,0.0,0.0,0.0,0.0,0.0,0.0,0.0,0.0
speaker.n.03,1.55201187493294,1.55201187493294,0.0,0.0,1.55201187493294,0.0,1.55201187493294,1.55201187493294,1.55201187493294,0.0,1.55201187493294,0.0,1.55201187493294,0.0,1.55201187493294,1.55201187493294,0.0,0.0,1.55201187493294,2.22259267299011,1.55201187493294,0.0,1.55201187493294,0.0,0.0,0.0,2.22259267299011,2.22259267299011,0.0,0.0,2.17305119930379,2.22259267299011,1.55201187493294,0.0,1.2731327020020802,0.0,0.0,2.22259267299011,1.55201187493294,0.0,1.55201187493294,0.0,1.55201187493294,0.0,0.0,0.0,1.55201187493294,1.55201187493294,0.0,0.0,0.0,1.2731327020020802,1.55201187493294,0.0,0.0,1.55201187493294,0.0,2.22259267299011,0.0,0.0,0.0,2.04901826179671,0.0,0.0,1.2731327020020802,0.0,1.2731327020020802,0.0,2.22259267299011,1.2731327020020802,0.0,1.55201187493294,4.429244315834151,0.0,0.0,1.55201187493294,0.0,11.0664886865922,0.0,0.0,1.55201187493294,2.22259267299011,0.0,0.0,0.0,2.22259267299011,2.04901826179671,1.55201187493294,0.0,0.0,2.22259267299011,0.0,0.0,0.0,1.55201187493294,1.55201187493294,1.55201187493294,0.0,0.0,0.0
portland.n.02,1.2731327020020802,1.2731327020020802,0.0,0.0,1.2731327020020802,0.0,1.2731327020020802,1.2731327020020802,1.2731327020020802,0.0,1.2731327020020802,0.0,1.2731327020020802,0.0,1.2731327020020802,1.2731327020020802,0.0,0.0,1.2731327020020802,1.2731327020020802,1.2731327020020802,0.0,1.2731327020020802,0.0,0.0,0.0,1.2731327020020802,1.2731327020020802,0.0,0.0,1.2731327020020802,1.2731327020020802,1.2731327020020802,0.0,2.7939330074741697,0.0,0.0,1.2731327020020802,1.2731327020020802,0.0,1.2731327020020802,0.0,1.2731327020020802,0.0,0.0,0.0,1.2731327020020802,1.2731327020020802,0.0,0.0,0.0,3.6913704003452796,1.2731327020020802,0.0,0.0,1.2731327020020802,0.0,1.2731327020020802,0.0,0.0,0.0,1.2731327020020802,0.0,0.0,11.913786546979498,0.0,1.2731327020020802,0.0,1.2731327020020802,3.6913704003452796,0.0,1.2731327020020802,1.2731327020020802,0.0,0.0,1.2731327020020802,0.0,1.2731327020020802,0.0,0.0,1.2731327020020802,1.2731327020020802,0.0,0.0,0.0,1.2731327020020802,1.2731327020020802,1.2731327020020802,0.0,0.0,1.2731327020020802,0.0,0.0,0.0,1.2731327020020802,1.2731327020020802,1.2731327020020802,0.0,0.0,0.0
car.n.02,3.35394846143047,3.35394846143047,0.0,0.0,5.4650709274516,0.0,2.56104499047427,3.35394846143047,8.409686429432009,0.0,3.35394846143047,0.0,3.35394846143047,0.0,3.35394846143047,3.35394846143047,0.0,0.0,3.35394846143047,1.55201187493294,3.35394846143047,0.0,2.56104499047427,0.0,0.0,0.0,1.55201187493294,1.55201187493294,0.0,0.0,1.55201187493294,1.55201187493294,3.35394846143047,0.0,1.2731327020020802,0.0,0.0,1.55201187493294,2.56104499047427,0.0,2.56104499047427,0.0,3.35394846143047,0.0,0.0,0.0,2.56104499047427,6.2430749992667005,0.0,0.0,0.0,1.2731327020020802,3.35394846143047,0.0,0.0,3.35394846143047,0.0,1.55201187493294,0.0,0.0,0.0,1.55201187493294,0.0,0.0,1.2731327020020802,0.0,1.2731327020020802,0.0,1.55201187493294,1.2731327020020802,0.0,3.35394846143047,1.55201187493294,0.0,0.0,3.35394846143047,0.0,1.55201187493294,0.0,0.0,3.35394846143047,1.55201187493294,0.0,0.0,0.0,1.55201187493294,1.55201187493294,2.56104499047427,0.0,0.0,1.55201187493294,0.0,0.0,0.0,6.2430749992667005,3.35394846143047,2.56104499047427,0.0,0.0,0.0
mortarboard.n.01,2.56104499047427,2.56104499047427,0.0,0.0,2.56104499047427,0.0,2.56104499047427,2.56104499047427,2.56104499047427,0.0,2.56104499047427,0.0,2.56104499047427,0.0,2.56104499047427,2.56104499047427,0.0,0.0,2.56104499047427,1.55201187493294,2.56104499047427,0.0,2.56104499047427,0.0,0.0,0.0,1.55201187493294,1.55201187493294,0.0,0.0,1.55201187493294,1.55201187493294,2.56104499047427,0.0,1.2731327020020802,0.0,0.0,1.55201187493294,2.56104499047427,0.0,2.56104499047427,0.0,2.56104499047427,0.0,0.0,0.0,12.424612170745402,2.56104499047427,0.0,0.0,0.0,1.2731327020020802,2.56104499047427,0.0,0.0,2.56104499047427,0.0,1.55201187493294,0.0,0.0,0.0,1.55201187493294,0.0,0.0,1.2731327020020802,0.0,1.2731327020020802,0.0,1.55201187493294,1.2731327020020802,0.0,2.56104499047427,1.55201187493294,0.0,0.0,2.56104499047427,0.0,1.55201187493294,0.0,0.0,2.56104499047427,1.55201187493294,0.0,0.0,0.0,1.55201187493294,1.55201187493294,2.56104499047427,0.0,0.0,1.55201187493294,0.0,0.0,0.0,2.56104499047427,2.56104499047427,7.656024847657711,0.0,0.0,0.0
mode.n.06,0.0,0.0,0.0,0.0,0.0,0.0,0.0,0.0,0.0,1.7812696529610101,0.0,1.7812696529610101,0.0,1.7812696529610101,0.0,0.0,0.0,0.0,0.0,0.0,0.0,3.08626091059802,0.0,0.0,1.7812696529610101,0.0,0.0,0.0,0.0,0.0,0.0,0.0,0.0,0.0,0.0,1.7812696529610101,0.0,0.0,0.0,0.0,0.0,0.0,0.0,0.0,1.7812696529610101,12.3192516550876,0.0,0.0,0.0,0.0,0.0,0.0,0.0,0.0,0.0,0.0,1.7812696529610101,3.08626091059802,0.0,0.0,3.08626091059802,0.0,0.0,0.0,0.0,0.0,0.0,0.0,0.0,0.0,0.0,0.0,0.0,0.0,1.7812696529610101,0.0,0.0,0.0,0.0,0.0,0.0,0.0,0.0,0.0,1.7812696529610101,0.0,0.0,0.0,0.0,0.0,0.0,1.7812696529610101,1.7812696529610101,0.0,0.0,0.0,0.0,0.0,1.7812696529610101,0.0
fiberglass.n.01,2.56104499047427,7.28264304279261,0.0,0.0,2.56104499047427,0.0,2.56104499047427,2.56104499047427,2.56104499047427,0.0,2.56104499047427,0.0,2.56104499047427,0.0,2.56104499047427,2.56104499047427,0.0,0.0,2.56104499047427,1.55201187493294,2.56104499047427,0.0,11.913786546979498,0.0,0.0,0.0,1.55201187493294,1.55201187493294,0.0,0.0,1.55201187493294,1.55201187493294,2.56104499047427,0.0,1.2731327020020802,0.0,0.0,1.55201187493294,2.56104499047427,0.0,2.56104499047427,0.0,2.56104499047427,0.0,0.0,0.0,2.56104499047427,2.56104499047427,0.0,0.0,0.0,1.2731327020020802,2.56104499047427,0.0,0.0,2.56104499047427,0.0,1.55201187493294,0.0,0.0,0.0,1.55201187493294,0.0,0.0,1.2731327020020802,0.0,1.2731327020020802,0.0,1.55201187493294,1.2731327020020802,0.0,2.56104499047427,1.55201187493294,0.0,0.0,2.56104499047427,0.0,1.55201187493294,0.0,0.0,2.56104499047427,1.55201187493294,0.0,0.0,0.0,1.55201187493294,1.55201187493294,2.56104499047427,0.0,0.0,1.55201187493294,0.0,0.0,0.0,2.56104499047427,2.56104499047427,2.56104499047427,0.0,0.0,0.0
million.n.01,0.0,0.0,3.05553582936798,0.0,0.0,3.05553582936798,0.0,0.0,0.0,0.0,0.0,0.0,0.0,0.0,0.0,0.0,2.35783709233789,3.05553582936798,0.0,0.0,0.0,0.0,0.0,0.0,0.0,3.05553582936798,0.0,0.0,0.0,0.0,0.0,0.0,0.0,3.05553582936798,0.0,0.0,0.0,0.0,0.0,0.0,0.0,0.0,0.0,5.546114072830419,0.0,0.0,0.0,0.0,0.0,0.0,0.0,0.0,0.0,0.0,0.0,0.0,0.0,0.0,0.0,0.0,0.0,0.0,0.0,0.0,0.0,0.0,0.0,0.0,0.0,0.0,0.0,0.0,0.0,0.0,0.0,0.0,0.0,0.0,0.0,0.0,0.0,0.0,0.0,0.0,0.0,0.0,0.0,0.0,0.0,0.0,0.0,0.0,0.0,3.05553582936798,0.0,0.0,0.0,0.0,0.0,0.0
turk.n.01,1.55201187493294,1.55201187493294,0.0,0.0,1.55201187493294,0.0,1.55201187493294,1.55201187493294,1.55201187493294,0.0,1.55201187493294,0.0,1.55201187493294,0.0,1.55201187493294,1.55201187493294,0.0,0.0,1.55201187493294,2.22259267299011,1.55201187493294,0.0,1.55201187493294,0.0,0.0,0.0,2.22259267299011,2.22259267299011,0.0,0.0,2.17305119930379,2.22259267299011,1.55201187493294,0.0,1.2731327020020802,0.0,0.0,2.22259267299011,1.55201187493294,0.0,1.55201187493294,0.0,1.55201187493294,0.0,0.0,0.0,1.55201187493294,1.55201187493294,0.0,0.0,0.0,1.2731327020020802,1.55201187493294,0.0,0.0,1.55201187493294,0.0,2.22259267299011,0.0,0.0,0.0,2.04901826179671,0.0,0.0,1.2731327020020802,0.0,1.2731327020020802,0.0,2.22259267299011,1.2731327020020802,0.0,1.55201187493294,2.22259267299011,0.0,0.0,1.55201187493294,0.0,2.22259267299011,0.0,0.0,1.55201187493294,2.22259267299011,0.0,0.0,0.0,2.22259267299011,2.04901826179671,1.55201187493294,0.0,0.0,11.443782917733701,0.0,0.0,0.0,1.55201187493294,1.55201187493294,1.55201187493294,0.0,0.0,0.0
keyboard.n.01,4.2086495709425495,3.35394846143047,0.0,0.0,3.35394846143047,0.0,2.56104499047427,4.2086495709425495,3.35394846143047,0.0,4.2086495709425495,0.0,3.35394846143047,0.0,4.2086495709425495,4.2086495709425495,0.0,0.0,3.35394846143047,1.55201187493294,3.35394846143047,0.0,2.56104499047427,0.0,0.0,0.0,1.55201187493294,1.55201187493294,0.0,0.0,1.55201187493294,1.55201187493294,11.2719326608071,0.0,1.2731327020020802,0.0,0.0,1.55201187493294,2.56104499047427,0.0,2.56104499047427,0.0,4.2086495709425495,0.0,0.0,0.0,2.56104499047427,3.35394846143047,0.0,0.0,0.0,1.2731327020020802,4.2086495709425495,0.0,0.0,4.2086495709425495,0.0,1.55201187493294,0.0,0.0,0.0,1.55201187493294,0.0,0.0,1.2731327020020802,0.0,1.2731327020020802,0.0,1.55201187493294,1.2731327020020802,0.0,3.35394846143047,1.55201187493294,0.0,0.0,4.2086495709425495,0.0,1.55201187493294,0.0,0.0,3.35394846143047,1.55201187493294,0.0,0.0,0.0,1.55201187493294,1.55201187493294,2.56104499047427,0.0,0.0,1.55201187493294,0.0,0.0,0.0,3.35394846143047,4.2086495709425495,2.56104499047427,0.0,0.0,0.0
gunman.n.02,1.55201187493294,1.55201187493294,0.0,0.0,1.55201187493294,0.0,1.55201187493294,1.55201187493294,1.55201187493294,0.0,1.55201187493294,0.0,1.55201187493294,0.0,1.55201187493294,1.55201187493294,0.0,0.0,1.55201187493294,2.22259267299011,1.55201187493294,0.0,1.55201187493294,0.0,0.0,0.0,2.22259267299011,11.8184763671751,0.0,0.0,2.17305119930379,2.22259267299011,1.55201187493294,0.0,1.2731327020020802,0.0,0.0,2.22259267299011,1.55201187493294,0.0,1.55201187493294,0.0,1.55201187493294,0.0,0.0,0.0,1.55201187493294,1.55201187493294,0.0,0.0,0.0,1.2731327020020802,1.55201187493294,0.0,0.0,1.55201187493294,0.0,2.22259267299011,0.0,0.0,0.0,2.04901826179671,0.0,0.0,1.2731327020020802,0.0,1.2731327020020802,0.0,2.22259267299011,1.2731327020020802,0.0,1.55201187493294,2.22259267299011,0.0,0.0,1.55201187493294,0.0,2.22259267299011,0.0,0.0,1.55201187493294,2.22259267299011,0.0,0.0,0.0,2.22259267299011,2.04901826179671,1.55201187493294,0.0,0.0,2.22259267299011,0.0,0.0,0.0,1.55201187493294,1.55201187493294,1.55201187493294,0.0,0.0,0.0
hexagon.n.01,0.0,0.0,0.0,0.0,0.0,0.0,0.0,0.0,0.0,0.0,0.0,0.0,0.0,0.0,0.0,0.0,0.0,0.0,0.0,0.0,0.0,0.0,0.0,0.0,0.0,0.0,0.0,0.0,12.8300772788536,0.0,0.0,0.0,0.0,0.0,0.0,0.0,0.0,0.0,0.0,0.0,0.0,2.56609765262366,0.0,0.0,0.0,0.0,0.0,0.0,0.0,0.0,0.0,0.0,0.0,0.0,2.56609765262366,0.0,0.0,0.0,0.0,0.0,0.0,0.0,0.0,0.0,0.0,0.0,0.0,2.56609765262366,0.0,0.0,0.0,0.0,0.0,0.0,0.0,0.0,2.56609765262366,0.0,0.0,0.0,0.0,0.0,0.0,0.0,0.0,0.0,0.0,0.0,0.0,0.0,0.0,0.0,0.0,0.0,0.0,0.0,0.0,0.0,0.0,0.0
magnesium.n.01,0.0,0.0,0.0,0.0,0.0,0.0,0.0,0.0,0.0,0.0,0.0,0.0,0.0,0.0,0.0,0.0,0.0,0.0,0.0,0.0,0.0,0.0,0.0,0.0,0.0,0.0,0.0,0.0,0.0,2.5950833564052402,0.0,0.0,0.0,0.0,0.0,0.0,0.0,0.0,0.0,13.5232244594136,0.0,0.0,0.0,0.0,0.0,0.0,0.0,0.0,0.0,0.0,0.0,0.0,0.0,0.0,0.0,0.0,0.0,0.0,0.0,4.4314736554287,0.0,0.0,0.0,0.0,0.0,0.0,0.0,0.0,0.0,0.0,4.66050246324816,0.0,0.0,0.0,0.0,0.0,0.0,0.0,0.0,0.0,0.0,0.0,0.0,0.0,0.0,0.0,0.0,0.0,0.0,0.0,0.0,0.0,0.0,0.0,0.0,0.0,0.0,0.0,0.0,0.0
ruthenium.n.01,0.0,0.0,0.0,0.0,0.0,0.0,0.0,0.0,0.0,0.0,0.0,0.0,0.0,0.0,0.0,0.0,0.0,0.0,0.0,0.0,0.0,0.0,0.0,0.0,0.0,0.0,0.0,0.0,0.0,2.5950833564052402,0.0,0.0,0.0,0.0,0.0,0.0,0.0,0.0,0.0,4.66050246324816,0.0,0.0,0.0,0.0,0.0,0.0,0.0,0.0,0.0,0.0,0.0,0.0,0.0,0.0,0.0,0.0,0.0,0.0,0.0,4.4314736554287,0.0,0.0,0.0,0.0,0.0,0.0,0.0,0.0,0.0,0.0,13.5232244594136,0.0,0.0,0.0,0.0,0.0,0.0,0.0,0.0,0.0,0.0,0.0,0.0,0.0,0.0,0.0,0.0,0.0,0.0,0.0,0.0,0.0,0.0,0.0,0.0,0.0,0.0,0.0,0.0,0.0
mistake.n.01,0.0,0.0,0.0,0.0,0.0,0.0,0.0,0.0,0.0,2.4322246232977798,0.0,2.4322246232977798,0.0,2.4322246232977798,0.0,0.0,0.0,0.0,0.0,0.0,0.0,1.7812696529610101,0.0,0.0,2.4322246232977798,0.0,0.0,0.0,0.0,0.0,0.0,0.0,0.0,0.0,0.0,2.4322246232977798,0.0,0.0,0.0,0.0,0.0,0.0,0.0,0.0,8.382276330536019,1.7812696529610101,0.0,0.0,0.0,0.0,0.0,0.0,0.0,0.0,0.0,0.0,2.4322246232977798,1.7812696529610101,0.0,0.0,1.7812696529610101,0.0,0.0,0.0,0.0,0.0,0.0,0.0,0.0,0.0,0.0,0.0,0.0,0.0,2.4322246232977798,0.0,0.0,0.0,0.0,0.0,0.0,0.0,0.0,0.0,2.4322246232977798,0.0,0.0,0.0,0.0,0.0,0.0,2.10449043503241,2.4322246232977798,0.0,0.0,0.0,0.0,0.0,2.4322246232977798,0.0
price.n.05,0.0,0.0,0.0,3.96051530013872,0.0,0.0,0.0,0.0,0.0,0.0,0.0,0.0,0.0,0.0,0.0,0.0,0.0,0.0,0.0,0.0,0.0,0.0,0.0,2.8843543969009797,0.0,0.0,0.0,0.0,0.0,0.0,0.0,0.0,0.0,0.0,0.0,0.0,2.8843543969009797,0.0,0.0,0.0,0.0,0.0,0.0,0.0,0.0,0.0,0.0,0.0,3.96051530013872,0.0,0.0,0.0,0.0,0.0,0.0,0.0,0.0,0.0,0.0,0.0,0.0,0.0,3.96051530013872,2.8843543969009797,0.0,7.84647065714527,0.0,0.0,0.0,0.0,0.0,0.0,0.0,2.8843543969009797,0.0,0.0,0.0,0.0,0.0,0.0,0.0,0.0,0.0,0.0,0.0,0.0,0.0,0.0,2.8843543969009797,0.0,0.0,0.0,0.0,0.0,0.0,0.0,0.0,0.0,0.0,0.0
tribe.n.01,0.0,0.0,0.0,0.0,0.0,0.0,0.0,0.0,0.0,0.0,0.0,0.0,0.0,0.0,0.0,0.0,0.0,0.0,0.0,0.0,0.0,0.0,0.0,0.0,0.0,0.0,0.0,0.0,0.0,0.0,0.0,0.0,0.0,0.0,0.0,0.0,0.0,0.0,0.0,0.0,0.0,0.0,0.0,0.0,0.0,0.0,0.0,0.0,0.0,0.0,3.1464124960345297,0.0,0.0,0.0,0.0,0.0,0.0,0.0,0.0,0.0,0.0,0.0,0.0,0.0,0.0,0.0,0.0,0.0,0.0,0.0,0.0,0.0,0.0,0.0,0.0,0.0,0.0,0.0,0.0,0.0,0.0,0.0,0.0,0.0,0.0,0.0,0.0,0.0,0.0,11.237446484735901,0.0,0.0,0.0,0.0,0.0,0.0,0.0,2.7254725989648505,0.0,0.0
range.n.04,1.2731327020020802,1.2731327020020802,0.0,0.0,1.2731327020020802,0.0,1.2731327020020802,1.2731327020020802,1.2731327020020802,0.0,1.2731327020020802,0.0,1.2731327020020802,0.0,1.2731327020020802,1.2731327020020802,0.0,0.0,1.2731327020020802,1.2731327020020802,1.2731327020020802,0.0,1.2731327020020802,0.0,0.0,0.0,1.2731327020020802,1.2731327020020802,0.0,0.0,1.2731327020020802,1.2731327020020802,1.2731327020020802,0.0,1.2731327020020802,0.0,0.0,1.2731327020020802,1.2731327020020802,0.0,1.2731327020020802,0.0,1.2731327020020802,0.0,0.0,0.0,1.2731327020020802,1.2731327020020802,0.0,0.0,0.0,1.2731327020020802,1.2731327020020802,0.0,0.0,1.2731327020020802,0.0,1.2731327020020802,0.0,0.0,0.0,1.2731327020020802,0.0,0.0,1.2731327020020802,0.0,8.85456744148279,0.0,1.2731327020020802,1.2731327020020802,0.0,1.2731327020020802,1.2731327020020802,0.0,0.0,1.2731327020020802,0.0,1.2731327020020802,0.0,0.0,1.2731327020020802,1.2731327020020802,0.0,0.0,0.0,1.2731327020020802,1.2731327020020802,1.2731327020020802,0.0,0.0,1.2731327020020802,0.0,0.0,0.0,1.2731327020020802,1.2731327020020802,1.2731327020020802,0.0,0.0,0.0
plot.n.01,0.0,0.0,0.0,0.0,0.0,0.0,0.0,0.0,0.0,1.7812696529610101,0.0,1.7812696529610101,0.0,1.7812696529610101,0.0,0.0,0.0,0.0,0.0,0.0,0.0,3.7002252159438,0.0,0.0,1.7812696529610101,0.0,0.0,0.0,0.0,0.0,0.0,0.0,0.0,0.0,0.0,1.7812696529610101,0.0,0.0,0.0,0.0,0.0,0.0,0.0,0.0,1.7812696529610101,3.08626091059802,0.0,0.0,0.0,0.0,0.0,0.0,0.0,0.0,0.0,0.0,1.7812696529610101,3.7002252159438,0.0,0.0,9.84807519811151,0.0,0.0,0.0,0.0,0.0,0.0,0.0,0.0,0.0,0.0,0.0,0.0,0.0,1.7812696529610101,0.0,0.0,0.0,0.0,0.0,0.0,0.0,0.0,0.0,1.7812696529610101,0.0,0.0,0.0,0.0,0.0,0.0,1.7812696529610101,1.7812696529610101,0.0,0.0,0.0,0.0,0.0,1.7812696529610101,0.0
human_immunodeficiency_virus.n.01,1.55201187493294,1.55201187493294,0.0,0.0,1.55201187493294,0.0,1.55201187493294,1.55201187493294,1.55201187493294,0.0,1.55201187493294,0.0,1.55201187493294,0.0,1.55201187493294,1.55201187493294,0.0,0.0,1.55201187493294,2.17305119930379,1.55201187493294,0.0,1.55201187493294,0.0,0.0,0.0,2.17305119930379,2.17305119930379,0.0,0.0,13.117759351305402,2.17305119930379,1.55201187493294,0.0,1.2731327020020802,0.0,0.0,2.17305119930379,1.55201187493294,0.0,1.55201187493294,0.0,1.55201187493294,0.0,0.0,0.0,1.55201187493294,1.55201187493294,0.0,0.0,0.0,1.2731327020020802,1.55201187493294,0.0,0.0,1.55201187493294,0.0,2.17305119930379,0.0,0.0,0.0,2.04901826179671,0.0,0.0,1.2731327020020802,0.0,1.2731327020020802,0.0,2.17305119930379,1.2731327020020802,0.0,1.55201187493294,2.17305119930379,0.0,0.0,1.55201187493294,0.0,2.17305119930379,0.0,0.0,1.55201187493294,2.17305119930379,0.0,0.0,0.0,2.17305119930379,2.04901826179671,1.55201187493294,0.0,0.0,2.17305119930379,0.0,0.0,0.0,1.55201187493294,1.55201187493294,1.55201187493294,0.0,0.0,0.0
bible.n.02,2.56104499047427,2.56104499047427,0.0,0.0,2.56104499047427,0.0,12.424612170745402,2.56104499047427,2.56104499047427,0.0,2.56104499047427,0.0,2.56104499047427,0.0,2.56104499047427,2.56104499047427,0.0,0.0,2.56104499047427,1.55201187493294,2.56104499047427,0.0,2.56104499047427,0.0,0.0,0.0,1.55201187493294,1.55201187493294,0.0,0.0,1.55201187493294,1.55201187493294,2.56104499047427,0.0,1.2731327020020802,0.0,0.0,1.55201187493294,2.56104499047427,0.0,2.56104499047427,0.0,2.56104499047427,0.0,0.0,0.0,2.56104499047427,2.56104499047427,0.0,0.0,0.0,1.2731327020020802,2.56104499047427,0.0,0.0,2.56104499047427,0.0,1.55201187493294,0.0,0.0,0.0,1.55201187493294,0.0,0.0,1.2731327020020802,0.0,1.2731327020020802,0.0,1.55201187493294,1.2731327020020802,0.0,2.56104499047427,1.55201187493294,0.0,0.0,2.56104499047427,0.0,1.55201187493294,0.0,0.0,2.56104499047427,1.55201187493294,0.0,0.0,0.0,1.55201187493294,1.55201187493294,2.56104499047427,0.0,0.0,1.55201187493294,0.0,0.0,0.0,2.56104499047427,2.56104499047427,2.56104499047427,0.0,0.0,0.0
dram.n.01,0.0,0.0,4.07489798153414,0.0,0.0,4.07489798153414,0.0,0.0,0.0,0.0,0.0,0.0,0.0,0.0,0.0,0.0,2.35783709233789,12.3705449494752,0.0,0.0,0.0,0.0,0.0,0.0,0.0,4.07489798153414,0.0,0.0,0.0,0.0,0.0,0.0,0.0,4.07489798153414,0.0,0.0,0.0,0.0,0.0,0.0,0.0,0.0,0.0,3.05553582936798,0.0,0.0,0.0,0.0,0.0,0.0,0.0,0.0,0.0,0.0,0.0,0.0,0.0,0.0,0.0,0.0,0.0,0.0,0.0,0.0,0.0,0.0,0.0,0.0,0.0,0.0,0.0,0.0,0.0,0.0,0.0,0.0,0.0,0.0,0.0,0.0,0.0,0.0,0.0,0.0,0.0,0.0,0.0,0.0,0.0,0.0,0.0,0.0,0.0,4.07489798153414,0.0,0.0,0.0,0.0,0.0,0.0
adobe.n.02,3.35394846143047,11.5773143103582,0.0,0.0,3.35394846143047,0.0,2.56104499047427,3.35394846143047,3.35394846143047,0.0,3.35394846143047,0.0,3.35394846143047,0.0,3.35394846143047,3.35394846143047,0.0,0.0,3.35394846143047,1.55201187493294,3.35394846143047,0.0,7.28264304279261,0.0,0.0,0.0,1.55201187493294,1.55201187493294,0.0,0.0,1.55201187493294,1.55201187493294,3.35394846143047,0.0,1.2731327020020802,0.0,0.0,1.55201187493294,2.56104499047427,0.0,2.56104499047427,0.0,3.35394846143047,0.0,0.0,0.0,2.56104499047427,3.35394846143047,0.0,0.0,0.0,1.2731327020020802,3.35394846143047,0.0,0.0,3.35394846143047,0.0,1.55201187493294,0.0,0.0,0.0,1.55201187493294,0.0,0.0,1.2731327020020802,0.0,1.2731327020020802,0.0,1.55201187493294,1.2731327020020802,0.0,3.35394846143047,1.55201187493294,0.0,0.0,3.35394846143047,0.0,1.55201187493294,0.0,0.0,3.35394846143047,1.55201187493294,0.0,0.0,0.0,1.55201187493294,1.55201187493294,2.56104499047427,0.0,0.0,1.55201187493294,0.0,0.0,0.0,3.35394846143047,3.35394846143047,2.56104499047427,0.0,0.0,0.0
adapter.n.02,13.117759351305402,3.35394846143047,0.0,0.0,3.35394846143047,0.0,2.56104499047427,4.2086495709425495,3.35394846143047,0.0,4.2086495709425495,0.0,3.35394846143047,0.0,4.2086495709425495,4.2086495709425495,0.0,0.0,3.35394846143047,1.55201187493294,3.35394846143047,0.0,2.56104499047427,0.0,0.0,0.0,1.55201187493294,1.55201187493294,0.0,0.0,1.55201187493294,1.55201187493294,4.2086495709425495,0.0,1.2731327020020802,0.0,0.0,1.55201187493294,2.56104499047427,0.0,2.56104499047427,0.0,4.2086495709425495,0.0,0.0,0.0,2.56104499047427,3.35394846143047,0.0,0.0,0.0,1.2731327020020802,4.2086495709425495,0.0,0.0,4.2086495709425495,0.0,1.55201187493294,0.0,0.0,0.0,1.55201187493294,0.0,0.0,1.2731327020020802,0.0,1.2731327020020802,0.0,1.55201187493294,1.2731327020020802,0.0,3.35394846143047,1.55201187493294,0.0,0.0,4.2086495709425495,0.0,1.55201187493294,0.0,0.0,3.35394846143047,1.55201187493294,0.0,0.0,0.0,1.55201187493294,1.55201187493294,2.56104499047427,0.0,0.0,1.55201187493294,0.0,0.0,0.0,3.35394846143047,4.2086495709425495,2.56104499047427,0.0,0.0,0.0
spice.n.02,0.0,0.0,0.0,0.0,0.0,0.0,0.0,0.0,0.0,0.0,0.0,0.0,0.0,0.0,0.0,0.0,0.0,0.0,0.0,0.0,0.0,0.0,0.0,0.0,0.0,0.0,0.0,0.0,0.0,0.0,0.0,0.0,0.0,0.0,0.0,0.0,0.0,0.0,0.0,3.0913112332169503,0.0,0.0,0.0,0.0,0.0,0.0,0.0,0.0,0.0,6.71313578521926,0.0,0.0,0.0,0.0,0.0,0.0,0.0,0.0,0.0,3.0913112332169503,0.0,0.0,0.0,0.0,0.0,0.0,0.0,0.0,0.0,0.0,3.0913112332169503,0.0,0.0,0.0,0.0,0.0,0.0,0.0,10.9455360761746,0.0,0.0,0.0,0.0,0.0,0.0,0.0,0.0,0.0,0.0,0.0,0.0,0.0,0.0,0.0,0.0,0.0,0.0,0.0,0.0,4.473765924240981
restrainer.n.02,1.55201187493294,1.55201187493294,0.0,0.0,1.55201187493294,0.0,1.55201187493294,1.55201187493294,1.55201187493294,0.0,1.55201187493294,0.0,1.55201187493294,0.0,1.55201187493294,1.55201187493294,0.0,0.0,1.55201187493294,2.22259267299011,1.55201187493294,0.0,1.55201187493294,0.0,0.0,0.0,2.22259267299011,2.22259267299011,0.0,0.0,2.17305119930379,2.22259267299011,1.55201187493294,0.0,1.2731327020020802,0.0,0.0,2.22259267299011,1.55201187493294,0.0,1.55201187493294,0.0,1.55201187493294,0.0,0.0,0.0,1.55201187493294,1.55201187493294,0.0,0.0,0.0,1.2731327020020802,1.55201187493294,0.0,0.0,1.55201187493294,0.0,2.22259267299011,0.0,0.0,0.0,2.04901826179671,0.0,0.0,1.2731327020020802,0.0,1.2731327020020802,0.0,10.837647114163401,1.2731327020020802,0.0,1.55201187493294,2.22259267299011,0.0,0.0,1.55201187493294,0.0,2.22259267299011,0.0,0.0,1.55201187493294,2.22259267299011,0.0,0.0,0.0,2.22259267299011,2.04901826179671,1.55201187493294,0.0,0.0,2.22259267299011,0.0,0.0,0.0,1.55201187493294,1.55201187493294,1.55201187493294,0.0,0.0,0.0
motorcycle.n.01,3.35394846143047,3.35394846143047,0.0,0.0,5.4650709274516,0.0,2.56104499047427,3.35394846143047,6.2430749992667005,0.0,3.35394846143047,0.0,3.35394846143047,0.0,3.35394846143047,3.35394846143047,0.0,0.0,3.35394846143047,1.55201187493294,3.35394846143047,0.0,2.56104499047427,0.0,0.0,0.0,1.55201187493294,1.55201187493294,0.0,0.0,1.55201187493294,1.55201187493294,3.35394846143047,0.0,1.2731327020020802,0.0,0.0,1.55201187493294,2.56104499047427,0.0,2.56104499047427,0.0,3.35394846143047,0.0,0.0,0.0,2.56104499047427,10.0892372549284,0.0,0.0,0.0,1.2731327020020802,3.35394846143047,0.0,0.0,3.35394846143047,0.0,1.55201187493294,0.0,0.0,0.0,1.55201187493294,0.0,0.0,1.2731327020020802,0.0,1.2731327020020802,0.0,1.55201187493294,1.2731327020020802,0.0,3.35394846143047,1.55201187493294,0.0,0.0,3.35394846143047,0.0,1.55201187493294,0.0,0.0,3.35394846143047,1.55201187493294,0.0,0.0,0.0,1.55201187493294,1.55201187493294,2.56104499047427,0.0,0.0,1.55201187493294,0.0,0.0,0.0,6.2430749992667005,3.35394846143047,2.56104499047427,0.0,0.0,0.0
tempest.n.02,0.0,0.0,0.0,0.0,0.0,0.0,0.0,0.0,0.0,0.0,0.0,0.0,0.0,0.0,0.0,0.0,0.0,0.0,0.0,0.0,0.0,0.0,0.0,0.0,0.0,0.0,0.0,0.0,0.0,0.0,0.0,0.0,0.0,0.0,0.0,0.0,0.0,0.0,0.0,0.0,0.0,0.0,0.0,0.0,0.0,0.0,0.0,0.0,0.0,0.0,0.0,0.0,0.0,0.0,0.0,0.0,0.0,0.0,0.0,0.0,0.0,0.0,0.0,0.0,0.0,0.0,0.0,0.0,0.0,0.0,0.0,0.0,0.0,0.0,0.0,0.0,0.0,0.0,0.0,4.45461084887255,0.0,0.0,5.744376626009309,13.5232244594136,0.0,0.0,0.0,0.0,0.0,0.0,0.0,0.0,0.0,0.0,0.0,0.0,0.0,0.0,0.0,0.0
console_table.n.01,3.35394846143047,3.35394846143047,0.0,0.0,3.35394846143047,0.0,2.56104499047427,3.35394846143047,3.35394846143047,0.0,3.35394846143047,0.0,12.9636086714781,0.0,3.35394846143047,3.35394846143047,0.0,0.0,3.35394846143047,1.55201187493294,3.35394846143047,0.0,2.56104499047427,0.0,0.0,0.0,1.55201187493294,1.55201187493294,0.0,0.0,1.55201187493294,1.55201187493294,3.35394846143047,0.0,1.2731327020020802,0.0,0.0,1.55201187493294,2.56104499047427,0.0,2.56104499047427,0.0,3.35394846143047,0.0,0.0,0.0,2.56104499047427,3.35394846143047,0.0,0.0,0.0,1.2731327020020802,3.35394846143047,0.0,0.0,3.35394846143047,0.0,1.55201187493294,0.0,0.0,0.0,1.55201187493294,0.0,0.0,1.2731327020020802,0.0,1.2731327020020802,0.0,1.55201187493294,1.2731327020020802,0.0,3.35394846143047,1.55201187493294,0.0,0.0,3.35394846143047,0.0,1.55201187493294,0.0,0.0,3.35394846143047,1.55201187493294,0.0,0.0,0.0,1.55201187493294,1.55201187493294,2.56104499047427,0.0,0.0,1.55201187493294,0.0,0.0,0.0,3.35394846143047,3.35394846143047,2.56104499047427,0.0,0.0,0.0
lyric.n.02,0.0,0.0,0.0,4.20092767769385,0.0,0.0,0.0,0.0,0.0,0.0,0.0,0.0,0.0,0.0,0.0,0.0,0.0,0.0,0.0,0.0,0.0,0.0,0.0,2.8843543969009797,0.0,0.0,0.0,0.0,0.0,0.0,0.0,0.0,0.0,0.0,0.0,0.0,11.1718492022501,0.0,0.0,0.0,0.0,0.0,0.0,0.0,0.0,0.0,0.0,0.0,2.8843543969009797,0.0,0.0,0.0,0.0,0.0,0.0,0.0,0.0,0.0,0.0,0.0,0.0,0.0,4.40419191634838,2.8843543969009797,0.0,2.8843543969009797,0.0,0.0,0.0,0.0,0.0,0.0,0.0,2.8843543969009797,0.0,0.0,0.0,0.0,0.0,0.0,0.0,0.0,0.0,0.0,0.0,0.0,0.0,0.0,2.8843543969009797,0.0,0.0,0.0,0.0,0.0,0.0,0.0,0.0,0.0,0.0,0.0
font.n.01,0.0,0.0,0.0,2.8843543969009797,0.0,0.0,0.0,0.0,0.0,0.0,0.0,0.0,0.0,0.0,0.0,0.0,0.0,0.0,0.0,0.0,0.0,0.0,0.0,8.72737034304663,0.0,0.0,0.0,0.0,0.0,0.0,0.0,0.0,0.0,0.0,0.0,0.0,2.8843543969009797,0.0,0.0,0.0,0.0,0.0,0.0,0.0,0.0,0.0,0.0,0.0,2.8843543969009797,0.0,0.0,0.0,0.0,0.0,0.0,0.0,0.0,0.0,0.0,0.0,0.0,0.0,2.8843543969009797,2.8843543969009797,0.0,2.8843543969009797,0.0,0.0,0.0,0.0,0.0,0.0,0.0,4.891780023625469,0.0,0.0,0.0,0.0,0.0,0.0,0.0,0.0,0.0,0.0,0.0,0.0,0.0,0.0,2.8843543969009797,0.0,0.0,0.0,0.0,0.0,0.0,0.0,0.0,0.0,0.0,0.0
pointer.n.04,1.55201187493294,1.55201187493294,0.0,0.0,1.55201187493294,0.0,1.55201187493294,1.55201187493294,1.55201187493294,0.0,1.55201187493294,0.0,1.55201187493294,0.0,1.55201187493294,1.55201187493294,0.0,0.0,1.55201187493294,2.04901826179671,1.55201187493294,0.0,1.55201187493294,0.0,0.0,0.0,2.04901826179671,2.04901826179671,0.0,0.0,2.04901826179671,2.04901826179671,1.55201187493294,0.0,1.2731327020020802,0.0,0.0,2.04901826179671,1.55201187493294,0.0,1.55201187493294,0.0,1.55201187493294,0.0,0.0,0.0,1.55201187493294,1.55201187493294,0.0,0.0,0.0,1.2731327020020802,1.55201187493294,0.0,0.0,1.55201187493294,0.0,2.04901826179671,0.0,0.0,0.0,12.344569463071899,0.0,0.0,1.2731327020020802,0.0,1.2731327020020802,0.0,2.04901826179671,1.2731327020020802,0.0,1.55201187493294,2.04901826179671,0.0,0.0,1.55201187493294,0.0,2.04901826179671,0.0,0.0,1.55201187493294,2.04901826179671,0.0,0.0,0.0,2.04901826179671,6.87573458843386,1.55201187493294,0.0,0.0,2.04901826179671,0.0,0.0,0.0,1.55201187493294,1.55201187493294,1.55201187493294,0.0,0.0,0.0
cam.n.02,4.2086495709425495,3.35394846143047,0.0,0.0,3.35394846143047,0.0,2.56104499047427,12.8300772788536,3.35394846143047,0.0,4.2086495709425495,0.0,3.35394846143047,0.0,4.2086495709425495,4.2086495709425495,0.0,0.0,3.35394846143047,1.55201187493294,3.35394846143047,0.0,2.56104499047427,0.0,0.0,0.0,1.55201187493294,1.55201187493294,0.0,0.0,1.55201187493294,1.55201187493294,4.2086495709425495,0.0,1.2731327020020802,0.0,0.0,1.55201187493294,2.56104499047427,0.0,2.56104499047427,0.0,4.2086495709425495,0.0,0.0,0.0,2.56104499047427,3.35394846143047,0.0,0.0,0.0,1.2731327020020802,4.2086495709425495,0.0,0.0,4.2086495709425495,0.0,1.55201187493294,0.0,0.0,0.0,1.55201187493294,0.0,0.0,1.2731327020020802,0.0,1.2731327020020802,0.0,1.55201187493294,1.2731327020020802,0.0,3.35394846143047,1.55201187493294,0.0,0.0,4.2086495709425495,0.0,1.55201187493294,0.0,0.0,3.35394846143047,1.55201187493294,0.0,0.0,0.0,1.55201187493294,1.55201187493294,2.56104499047427,0.0,0.0,1.55201187493294,0.0,0.0,0.0,3.35394846143047,5.744037772853019,2.56104499047427,0.0,0.0,0.0
performance.n.02,0.0,0.0,0.0,0.0,0.0,0.0,0.0,0.0,0.0,3.3958587352941096,0.0,2.4322246232977798,0.0,2.4322246232977798,0.0,0.0,0.0,0.0,0.0,0.0,0.0,1.7812696529610101,0.0,0.0,2.4322246232977798,0.0,0.0,0.0,0.0,0.0,0.0,0.0,0.0,0.0,0.0,2.4322246232977798,0.0,0.0,0.0,0.0,0.0,0.0,0.0,0.0,2.4322246232977798,1.7812696529610101,0.0,0.0,0.0,0.0,0.0,0.0,0.0,0.0,0.0,0.0,7.81756279915219,1.7812696529610101,0.0,0.0,1.7812696529610101,0.0,0.0,0.0,0.0,0.0,0.0,0.0,0.0,0.0,0.0,0.0,0.0,0.0,2.4322246232977798,0.0,0.0,0.0,0.0,0.0,0.0,0.0,0.0,0.0,3.3958587352941096,0.0,0.0,0.0,0.0,0.0,0.0,2.10449043503241,2.4322246232977798,0.0,0.0,0.0,0.0,0.0,3.3958587352941096,0.0
slide.n.05,0.0,0.0,0.0,0.0,0.0,0.0,0.0,0.0,0.0,2.4322246232977798,0.0,2.4322246232977798,0.0,2.4322246232977798,0.0,0.0,0.0,0.0,0.0,0.0,0.0,1.7812696529610101,0.0,0.0,4.03650768924725,0.0,0.0,0.0,0.0,0.0,0.0,0.0,0.0,0.0,0.0,2.4322246232977798,0.0,0.0,0.0,0.0,0.0,0.0,0.0,0.0,2.4322246232977798,1.7812696529610101,0.0,0.0,0.0,0.0,0.0,0.0,0.0,0.0,0.0,0.0,2.4322246232977798,1.7812696529610101,0.0,0.0,1.7812696529610101,0.0,0.0,0.0,0.0,0.0,0.0,0.0,0.0,0.0,0.0,0.0,0.0,0.0,10.293738455433301,0.0,0.0,0.0,0.0,0.0,0.0,0.0,0.0,0.0,2.4322246232977798,0.0,0.0,0.0,0.0,0.0,0.0,2.10449043503241,4.3421991311504105,0.0,0.0,0.0,0.0,0.0,2.4322246232977798,0.0
ethernet.n.01,3.35394846143047,3.35394846143047,0.0,0.0,3.35394846143047,0.0,2.56104499047427,3.35394846143047,3.35394846143047,0.0,3.35394846143047,0.0,3.35394846143047,0.0,3.35394846143047,3.35394846143047,0.0,0.0,3.35394846143047,1.55201187493294,13.5232244594136,0.0,2.56104499047427,0.0,0.0,0.0,1.55201187493294,1.55201187493294,0.0,0.0,1.55201187493294,1.55201187493294,3.35394846143047,0.0,1.2731327020020802,0.0,0.0,1.55201187493294,2.56104499047427,0.0,2.56104499047427,0.0,3.35394846143047,0.0,0.0,0.0,2.56104499047427,3.35394846143047,0.0,0.0,0.0,1.2731327020020802,3.35394846143047,0.0,0.0,3.35394846143047,0.0,1.55201187493294,0.0,0.0,0.0,1.55201187493294,0.0,0.0,1.2731327020020802,0.0,1.2731327020020802,0.0,1.55201187493294,1.2731327020020802,0.0,3.35394846143047,1.55201187493294,0.0,0.0,3.35394846143047,0.0,1.55201187493294,0.0,0.0,3.35394846143047,1.55201187493294,0.0,0.0,0.0,1.55201187493294,1.55201187493294,2.56104499047427,0.0,0.0,1.55201187493294,0.0,0.0,0.0,3.35394846143047,3.35394846143047,2.56104499047427,0.0,0.0,0.0
pop_music.n.01,0.0,0.0,0.0,2.8843543969009797,0.0,0.0,0.0,0.0,0.0,0.0,0.0,0.0,0.0,0.0,0.0,0.0,0.0,0.0,0.0,0.0,0.0,0.0,0.0,2.8843543969009797,0.0,0.0,0.0,0.0,0.0,0.0,0.0,0.0,0.0,0.0,0.0,0.0,2.8843543969009797,0.0,0.0,0.0,0.0,0.0,0.0,0.0,0.0,0.0,0.0,0.0,2.8843543969009797,0.0,0.0,0.0,0.0,0.0,0.0,0.0,0.0,0.0,0.0,0.0,0.0,0.0,2.8843543969009797,11.4755316160483,0.0,2.8843543969009797,0.0,0.0,0.0,0.0,0.0,0.0,0.0,2.8843543969009797,0.0,0.0,0.0,0.0,0.0,0.0,0.0,0.0,0.0,0.0,0.0,0.0,0.0,0.0,2.8843543969009797,0.0,0.0,0.0,0.0,0.0,0.0,0.0,0.0,0.0,0.0,0.0
kilometer.n.01,0.0,0.0,4.07489798153414,0.0,0.0,4.07489798153414,0.0,0.0,0.0,0.0,0.0,0.0,0.0,0.0,0.0,0.0,2.35783709233789,4.07489798153414,0.0,0.0,0.0,0.0,0.0,0.0,0.0,7.32046506837914,0.0,0.0,0.0,0.0,0.0,0.0,0.0,11.913786546979498,0.0,0.0,0.0,0.0,0.0,0.0,0.0,0.0,0.0,3.05553582936798,0.0,0.0,0.0,0.0,0.0,0.0,0.0,0.0,0.0,0.0,0.0,0.0,0.0,0.0,0.0,0.0,0.0,0.0,0.0,0.0,0.0,0.0,0.0,0.0,0.0,0.0,0.0,0.0,0.0,0.0,0.0,0.0,0.0,0.0,0.0,0.0,0.0,0.0,0.0,0.0,0.0,0.0,0.0,0.0,0.0,0.0,0.0,0.0,0.0,4.07489798153414,0.0,0.0,0.0,0.0,0.0,0.0
circuit_breaker.n.01,4.2086495709425495,3.35394846143047,0.0,0.0,3.35394846143047,0.0,2.56104499047427,4.2086495709425495,3.35394846143047,0.0,10.2335795636571,0.0,3.35394846143047,0.0,4.2086495709425495,4.2086495709425495,0.0,0.0,3.35394846143047,1.55201187493294,3.35394846143047,0.0,2.56104499047427,0.0,0.0,0.0,1.55201187493294,1.55201187493294,0.0,0.0,1.55201187493294,1.55201187493294,4.2086495709425495,0.0,1.2731327020020802,0.0,0.0,1.55201187493294,2.56104499047427,0.0,2.56104499047427,0.0,6.973747537180389,0.0,0.0,0.0,2.56104499047427,3.35394846143047,0.0,0.0,0.0,1.2731327020020802,4.2086495709425495,0.0,0.0,4.2086495709425495,0.0,1.55201187493294,0.0,0.0,0.0,1.55201187493294,0.0,0.0,1.2731327020020802,0.0,1.2731327020020802,0.0,1.55201187493294,1.2731327020020802,0.0,3.35394846143047,1.55201187493294,0.0,0.0,6.973747537180389,0.0,1.55201187493294,0.0,0.0,3.35394846143047,1.55201187493294,0.0,0.0,0.0,1.55201187493294,1.55201187493294,2.56104499047427,0.0,0.0,1.55201187493294,0.0,0.0,0.0,3.35394846143047,4.2086495709425495,2.56104499047427,0.0,0.0,0.0
signal.n.01,0.0,0.0,0.0,2.8843543969009797,0.0,0.0,0.0,0.0,0.0,0.0,0.0,0.0,0.0,0.0,0.0,0.0,0.0,0.0,0.0,0.0,0.0,0.0,0.0,4.891780023625469,0.0,0.0,0.0,0.0,0.0,0.0,0.0,0.0,0.0,0.0,0.0,0.0,2.8843543969009797,0.0,0.0,0.0,0.0,0.0,0.0,0.0,0.0,0.0,0.0,0.0,2.8843543969009797,0.0,0.0,0.0,0.0,0.0,0.0,0.0,0.0,0.0,0.0,0.0,0.0,0.0,2.8843543969009797,2.8843543969009797,0.0,2.8843543969009797,0.0,0.0,0.0,0.0,0.0,0.0,0.0,4.891780023625469,0.0,0.0,0.0,0.0,0.0,0.0,0.0,0.0,0.0,0.0,0.0,0.0,0.0,0.0,2.8843543969009797,0.0,0.0,0.0,0.0,0.0,0.0,0.0,0.0,0.0,0.0,0.0
windowpane.n.01,2.56104499047427,2.56104499047427,0.0,0.0,2.56104499047427,0.0,2.56104499047427,2.56104499047427,2.56104499047427,0.0,2.56104499047427,0.0,2.56104499047427,0.0,2.56104499047427,2.56104499047427,0.0,0.0,2.56104499047427,1.55201187493294,2.56104499047427,0.0,2.56104499047427,0.0,0.0,0.0,1.55201187493294,1.55201187493294,0.0,0.0,1.55201187493294,1.55201187493294,2.56104499047427,0.0,1.2731327020020802,0.0,0.0,1.55201187493294,2.56104499047427,0.0,2.56104499047427,0.0,2.56104499047427,0.0,0.0,0.0,7.656024847657711,2.56104499047427,0.0,0.0,0.0,1.2731327020020802,2.56104499047427,0.0,0.0,2.56104499047427,0.0,1.55201187493294,0.0,0.0,0.0,1.55201187493294,0.0,0.0,1.2731327020020802,0.0,1.2731327020020802,0.0,1.55201187493294,1.2731327020020802,0.0,2.56104499047427,1.55201187493294,0.0,0.0,2.56104499047427,0.0,1.55201187493294,0.0,0.0,2.56104499047427,1.55201187493294,0.0,0.0,0.0,1.55201187493294,1.55201187493294,2.56104499047427,0.0,0.0,1.55201187493294,0.0,0.0,0.0,2.56104499047427,2.56104499047427,11.7176716680532,0.0,0.0,0.0
great.n.01,1.55201187493294,1.55201187493294,0.0,0.0,1.55201187493294,0.0,1.55201187493294,1.55201187493294,1.55201187493294,0.0,1.55201187493294,0.0,1.55201187493294,0.0,1.55201187493294,1.55201187493294,0.0,0.0,1.55201187493294,2.22259267299011,1.55201187493294,0.0,1.55201187493294,0.0,0.0,0.0,8.21991955135447,2.22259267299011,0.0,0.0,2.17305119930379,2.22259267299011,1.55201187493294,0.0,1.2731327020020802,0.0,0.0,2.22259267299011,1.55201187493294,0.0,1.55201187493294,0.0,1.55201187493294,0.0,0.0,0.0,1.55201187493294,1.55201187493294,0.0,0.0,0.0,1.2731327020020802,1.55201187493294,0.0,0.0,1.55201187493294,0.0,2.22259267299011,0.0,0.0,0.0,2.04901826179671,0.0,0.0,1.2731327020020802,0.0,1.2731327020020802,0.0,2.22259267299011,1.2731327020020802,0.0,1.55201187493294,2.22259267299011,0.0,0.0,1.55201187493294,0.0,2.22259267299011,0.0,0.0,1.55201187493294,2.22259267299011,0.0,0.0,0.0,2.22259267299011,2.04901826179671,1.55201187493294,0.0,0.0,2.22259267299011,0.0,0.0,0.0,1.55201187493294,1.55201187493294,1.55201187493294,0.0,0.0,0.0
manta.n.01,2.56104499047427,2.56104499047427,0.0,0.0,2.56104499047427,0.0,2.56104499047427,2.56104499047427,2.56104499047427,0.0,2.56104499047427,0.0,2.56104499047427,0.0,2.56104499047427,2.56104499047427,0.0,0.0,2.56104499047427,1.55201187493294,2.56104499047427,0.0,2.56104499047427,0.0,0.0,0.0,1.55201187493294,1.55201187493294,0.0,0.0,1.55201187493294,1.55201187493294,2.56104499047427,0.0,1.2731327020020802,0.0,0.0,1.55201187493294,5.4815734390117,0.0,13.5232244594136,0.0,2.56104499047427,0.0,0.0,0.0,2.56104499047427,2.56104499047427,0.0,0.0,0.0,1.2731327020020802,2.56104499047427,0.0,0.0,2.56104499047427,0.0,1.55201187493294,0.0,0.0,0.0,1.55201187493294,0.0,0.0,1.2731327020020802,0.0,1.2731327020020802,0.0,1.55201187493294,1.2731327020020802,0.0,2.56104499047427,1.55201187493294,0.0,0.0,2.56104499047427,0.0,1.55201187493294,0.0,0.0,2.56104499047427,1.55201187493294,0.0,0.0,0.0,1.55201187493294,1.55201187493294,2.56104499047427,0.0,0.0,1.55201187493294,0.0,0.0,0.0,2.56104499047427,2.56104499047427,2.56104499047427,0.0,0.0,0.0
wrong.n.02,0.0,0.0,0.0,0.0,0.0,0.0,0.0,0.0,0.0,3.3958587352941096,0.0,2.4322246232977798,0.0,2.4322246232977798,0.0,0.0,0.0,0.0,0.0,0.0,0.0,1.7812696529610101,0.0,0.0,2.4322246232977798,0.0,0.0,0.0,0.0,0.0,0.0,0.0,0.0,0.0,0.0,2.4322246232977798,0.0,0.0,0.0,0.0,0.0,0.0,0.0,0.0,2.4322246232977798,1.7812696529610101,0.0,0.0,0.0,0.0,0.0,0.0,0.0,0.0,0.0,0.0,3.3958587352941096,1.7812696529610101,0.0,0.0,1.7812696529610101,0.0,0.0,0.0,0.0,0.0,0.0,0.0,0.0,0.0,0.0,0.0,0.0,0.0,2.4322246232977798,0.0,0.0,0.0,0.0,0.0,0.0,0.0,0.0,0.0,3.3958587352941096,0.0,0.0,0.0,0.0,0.0,0.0,2.10449043503241,2.4322246232977798,0.0,0.0,0.0,0.0,0.0,8.95887626794571,0.0
transcript.n.02,0.0,0.0,0.0,2.8843543969009797,0.0,0.0,0.0,0.0,0.0,0.0,0.0,0.0,0.0,0.0,0.0,0.0,0.0,0.0,0.0,0.0,0.0,0.0,0.0,2.8843543969009797,0.0,0.0,0.0,0.0,0.0,0.0,0.0,0.0,0.0,0.0,0.0,0.0,2.8843543969009797,0.0,0.0,0.0,0.0,0.0,0.0,0.0,0.0,0.0,0.0,0.0,2.8843543969009797,0.0,0.0,0.0,0.0,0.0,0.0,0.0,0.0,0.0,0.0,0.0,0.0,0.0,2.8843543969009797,2.8843543969009797,0.0,2.8843543969009797,0.0,0.0,0.0,0.0,0.0,0.0,0.0,2.8843543969009797,0.0,0.0,0.0,0.0,0.0,0.0,0.0,0.0,0.0,0.0,0.0,0.0,0.0,0.0,10.5400709680664,0.0,0.0,0.0,0.0,0.0,0.0,0.0,0.0,0.0,0.0,0.0
wise_men.n.01,0.0,0.0,0.0,0.0,0.0,0.0,0.0,0.0,0.0,0.0,0.0,0.0,0.0,0.0,0.0,0.0,0.0,0.0,0.0,0.0,0.0,0.0,0.0,0.0,0.0,0.0,0.0,0.0,0.0,0.0,0.0,0.0,0.0,0.0,0.0,0.0,0.0,0.0,0.0,0.0,0.0,0.0,0.0,0.0,0.0,0.0,0.0,0.0,0.0,0.0,2.7254725989648505,0.0,0.0,0.0,0.0,0.0,0.0,0.0,0.0,0.0,0.0,0.0,0.0,0.0,0.0,0.0,0.0,0.0,0.0,0.0,0.0,0.0,0.0,0.0,0.0,0.0,0.0,0.0,0.0,0.0,0.0,0.0,0.0,0.0,0.0,0.0,0.0,0.0,0.0,2.7254725989648505,0.0,0.0,0.0,0.0,0.0,0.0,0.0,13.5232244594136,0.0,0.0
senator.n.01,1.55201187493294,1.55201187493294,0.0,0.0,1.55201187493294,0.0,1.55201187493294,1.55201187493294,1.55201187493294,0.0,1.55201187493294,0.0,1.55201187493294,0.0,1.55201187493294,1.55201187493294,0.0,0.0,1.55201187493294,2.22259267299011,1.55201187493294,0.0,1.55201187493294,0.0,0.0,0.0,2.22259267299011,2.22259267299011,0.0,0.0,2.17305119930379,2.22259267299011,1.55201187493294,0.0,1.2731327020020802,0.0,0.0,2.22259267299011,1.55201187493294,0.0,1.55201187493294,0.0,1.55201187493294,0.0,0.0,0.0,1.55201187493294,1.55201187493294,0.0,0.0,0.0,1.2731327020020802,1.55201187493294,0.0,0.0,1.55201187493294,0.0,2.22259267299011,0.0,0.0,0.0,2.04901826179671,0.0,0.0,1.2731327020020802,0.0,1.2731327020020802,0.0,2.22259267299011,1.2731327020020802,0.0,1.55201187493294,8.49770055282354,0.0,0.0,1.55201187493294,0.0,4.429244315834151,0.0,0.0,1.55201187493294,2.22259267299011,0.0,0.0,0.0,2.22259267299011,2.04901826179671,1.55201187493294,0.0,0.0,2.22259267299011,0.0,0.0,0.0,1.55201187493294,1.55201187493294,1.55201187493294,0.0,0.0,0.0
sunlight.n.01,0.0,0.0,0.0,0.0,0.0,0.0,0.0,0.0,0.0,0.0,0.0,0.0,0.0,0.0,0.0,0.0,0.0,0.0,0.0,0.0,0.0,0.0,0.0,0.0,0.0,0.0,0.0,0.0,0.0,0.0,0.0,0.0,0.0,0.0,0.0,0.0,0.0,0.0,0.0,0.0,0.0,0.0,0.0,0.0,0.0,0.0,0.0,0.0,0.0,0.0,0.0,0.0,0.0,0.0,0.0,0.0,0.0,0.0,0.0,0.0,0.0,0.0,0.0,0.0,0.0,0.0,0.0,0.0,0.0,0.0,0.0,0.0,0.0,0.0,0.0,0.0,0.0,0.0,0.0,4.45461084887255,0.0,0.0,10.3790721807413,5.744376626009309,0.0,0.0,0.0,0.0,0.0,0.0,0.0,0.0,0.0,0.0,0.0,0.0,0.0,0.0,0.0,0.0
church_service.n.01,0.0,0.0,0.0,0.0,0.0,0.0,0.0,0.0,0.0,10.939226906981302,0.0,2.4322246232977798,0.0,2.4322246232977798,0.0,0.0,0.0,0.0,0.0,0.0,0.0,1.7812696529610101,0.0,0.0,2.4322246232977798,0.0,0.0,0.0,0.0,0.0,0.0,0.0,0.0,0.0,0.0,2.4322246232977798,0.0,0.0,0.0,0.0,0.0,0.0,0.0,0.0,2.4322246232977798,1.7812696529610101,0.0,0.0,0.0,0.0,0.0,0.0,0.0,0.0,0.0,0.0,3.3958587352941096,1.7812696529610101,0.0,0.0,1.7812696529610101,0.0,0.0,0.0,0.0,0.0,0.0,0.0,0.0,0.0,0.0,0.0,0.0,0.0,2.4322246232977798,0.0,0.0,0.0,0.0,0.0,0.0,0.0,0.0,0.0,3.3958587352941096,0.0,0.0,0.0,0.0,0.0,0.0,2.10449043503241,2.4322246232977798,0.0,0.0,0.0,0.0,0.0,3.3958587352941096,0.0
omnipotence.n.01,0.0,0.0,0.0,0.0,0.0,0.0,0.0,0.0,0.0,0.0,0.0,0.0,0.0,0.0,0.0,0.0,0.0,0.0,0.0,0.0,0.0,0.0,0.0,0.0,0.0,0.0,0.0,0.0,2.56609765262366,0.0,0.0,0.0,0.0,0.0,0.0,0.0,0.0,0.0,0.0,0.0,0.0,3.3979222995980902,0.0,0.0,0.0,0.0,0.0,0.0,0.0,0.0,0.0,0.0,0.0,0.0,12.8300772788536,0.0,0.0,0.0,0.0,0.0,0.0,0.0,0.0,0.0,0.0,0.0,0.0,2.56609765262366,0.0,0.0,0.0,0.0,0.0,0.0,0.0,0.0,2.56609765262366,0.0,0.0,0.0,0.0,0.0,0.0,0.0,0.0,0.0,0.0,0.0,0.0,0.0,0.0,0.0,0.0,0.0,0.0,0.0,0.0,0.0,0.0,0.0
variety_show.n.01,0.0,0.0,0.0,0.0,0.0,0.0,0.0,0.0,0.0,2.10449043503241,0.0,2.10449043503241,0.0,2.10449043503241,0.0,0.0,0.0,0.0,0.0,0.0,0.0,1.7812696529610101,0.0,0.0,2.10449043503241,0.0,0.0,0.0,0.0,0.0,0.0,0.0,0.0,0.0,0.0,2.10449043503241,0.0,0.0,0.0,0.0,0.0,0.0,0.0,0.0,2.10449043503241,1.7812696529610101,0.0,0.0,0.0,0.0,0.0,0.0,0.0,0.0,0.0,0.0,2.10449043503241,1.7812696529610101,0.0,0.0,1.7812696529610101,0.0,0.0,0.0,0.0,0.0,0.0,0.0,0.0,0.0,0.0,0.0,0.0,0.0,2.10449043503241,0.0,0.0,0.0,0.0,0.0,0.0,0.0,0.0,0.0,2.10449043503241,0.0,0.0,0.0,0.0,0.0,0.0,10.1186992876587,2.10449043503241,0.0,0.0,0.0,0.0,0.0,2.10449043503241,0.0
dyer.n.01,1.55201187493294,1.55201187493294,0.0,0.0,1.55201187493294,0.0,1.55201187493294,1.55201187493294,1.55201187493294,0.0,1.55201187493294,0.0,1.55201187493294,0.0,1.55201187493294,1.55201187493294,0.0,0.0,1.55201187493294,12.424612170745402,1.55201187493294,0.0,1.55201187493294,0.0,0.0,0.0,2.22259267299011,2.22259267299011,0.0,0.0,2.17305119930379,2.22259267299011,1.55201187493294,0.0,1.2731327020020802,0.0,0.0,2.22259267299011,1.55201187493294,0.0,1.55201187493294,0.0,1.55201187493294,0.0,0.0,0.0,1.55201187493294,1.55201187493294,0.0,0.0,0.0,1.2731327020020802,1.55201187493294,0.0,0.0,1.55201187493294,0.0,2.22259267299011,0.0,0.0,0.0,2.04901826179671,0.0,0.0,1.2731327020020802,0.0,1.2731327020020802,0.0,2.22259267299011,1.2731327020020802,0.0,1.55201187493294,2.22259267299011,0.0,0.0,1.55201187493294,0.0,2.22259267299011,0.0,0.0,1.55201187493294,2.22259267299011,0.0,0.0,0.0,2.22259267299011,2.04901826179671,1.55201187493294,0.0,0.0,2.22259267299011,0.0,0.0,0.0,1.55201187493294,1.55201187493294,1.55201187493294,0.0,0.0,0.0
reduced_instruction_set_computing.n.01,0.0,0.0,0.0,0.0,0.0,0.0,0.0,0.0,0.0,0.0,0.0,0.0,0.0,0.0,0.0,0.0,0.0,0.0,0.0,0.0,0.0,0.0,0.0,0.0,0.0,0.0,0.0,0.0,2.56609765262366,0.0,0.0,0.0,0.0,0.0,0.0,0.0,0.0,0.0,0.0,0.0,0.0,2.56609765262366,0.0,0.0,0.0,0.0,0.0,0.0,0.0,0.0,0.0,0.0,0.0,0.0,2.56609765262366,0.0,0.0,0.0,0.0,0.0,0.0,0.0,0.0,0.0,0.0,0.0,0.0,10.8151742583113,0.0,0.0,0.0,0.0,0.0,0.0,0.0,0.0,4.43273510355215,0.0,0.0,0.0,0.0,0.0,0.0,0.0,0.0,0.0,0.0,0.0,0.0,0.0,0.0,0.0,0.0,0.0,0.0,0.0,0.0,0.0,0.0,0.0
bathtub.n.01,3.35394846143047,3.35394846143047,0.0,0.0,11.731464990185499,0.0,2.56104499047427,3.35394846143047,5.4650709274516,0.0,3.35394846143047,0.0,3.35394846143047,0.0,3.35394846143047,3.35394846143047,0.0,0.0,3.35394846143047,1.55201187493294,3.35394846143047,0.0,2.56104499047427,0.0,0.0,0.0,1.55201187493294,1.55201187493294,0.0,0.0,1.55201187493294,1.55201187493294,3.35394846143047,0.0,1.2731327020020802,0.0,0.0,1.55201187493294,2.56104499047427,0.0,2.56104499047427,0.0,3.35394846143047,0.0,0.0,0.0,2.56104499047427,5.4650709274516,0.0,0.0,0.0,1.2731327020020802,3.35394846143047,0.0,0.0,3.35394846143047,0.0,1.55201187493294,0.0,0.0,0.0,1.55201187493294,0.0,0.0,1.2731327020020802,0.0,1.2731327020020802,0.0,1.55201187493294,1.2731327020020802,0.0,3.35394846143047,1.55201187493294,0.0,0.0,3.35394846143047,0.0,1.55201187493294,0.0,0.0,3.35394846143047,1.55201187493294,0.0,0.0,0.0,1.55201187493294,1.55201187493294,2.56104499047427,0.0,0.0,1.55201187493294,0.0,0.0,0.0,5.4650709274516,3.35394846143047,2.56104499047427,0.0,0.0,0.0
marriage.n.04,0.0,0.0,0.0,0.0,0.0,0.0,0.0,0.0,0.0,0.0,0.0,0.0,0.0,0.0,0.0,0.0,0.0,0.0,0.0,0.0,0.0,0.0,0.0,0.0,0.0,0.0,0.0,0.0,2.56609765262366,0.0,0.0,0.0,0.0,0.0,0.0,0.0,0.0,0.0,0.0,0.0,0.0,12.0191470626373,0.0,0.0,0.0,0.0,0.0,0.0,0.0,0.0,0.0,0.0,0.0,0.0,3.3979222995980902,0.0,0.0,0.0,0.0,0.0,0.0,0.0,0.0,0.0,0.0,0.0,0.0,2.56609765262366,0.0,0.0,0.0,0.0,0.0,0.0,0.0,0.0,2.56609765262366,0.0,0.0,0.0,0.0,0.0,0.0,0.0,0.0,0.0,0.0,0.0,0.0,0.0,0.0,0.0,0.0,0.0,0.0,0.0,0.0,0.0,0.0,0.0
space.n.08,0.0,0.0,0.0,0.0,0.0,0.0,0.0,0.0,0.0,0.0,0.0,0.0,0.0,0.0,0.0,0.0,0.0,0.0,0.0,0.0,0.0,0.0,0.0,0.0,0.0,0.0,0.0,0.0,2.56609765262366,0.0,0.0,0.0,0.0,0.0,0.0,0.0,0.0,0.0,0.0,0.0,0.0,2.56609765262366,0.0,0.0,0.0,0.0,0.0,0.0,0.0,0.0,0.0,0.0,0.0,0.0,2.56609765262366,0.0,0.0,0.0,0.0,0.0,0.0,0.0,0.0,0.0,0.0,0.0,0.0,4.43273510355215,0.0,0.0,0.0,0.0,0.0,0.0,0.0,0.0,11.0019501654547,0.0,0.0,0.0,0.0,0.0,0.0,0.0,0.0,0.0,0.0,0.0,0.0,0.0,0.0,0.0,0.0,0.0,0.0,0.0,0.0,0.0,0.0,0.0
peter.n.01,0.0,0.0,0.0,0.0,0.0,0.0,0.0,0.0,0.0,0.0,0.0,0.0,0.0,0.0,0.0,0.0,0.0,0.0,0.0,0.0,0.0,0.0,0.0,0.0,0.0,0.0,0.0,0.0,0.0,0.0,0.0,0.0,0.0,0.0,1.2731327020020802,0.0,0.0,0.0,0.0,0.0,0.0,0.0,0.0,0.0,0.0,0.0,0.0,0.0,0.0,0.0,0.0,1.2731327020020802,0.0,0.0,0.0,0.0,0.0,0.0,0.0,0.0,0.0,0.0,0.0,0.0,1.2731327020020802,0.0,0.0,0.0,0.0,1.2731327020020802,0.0,0.0,0.0,0.0,0.0,0.0,0.0,0.0,0.0,0.0,0.0,0.0,0.0,0.0,0.0,0.0,0.0,0.0,0.0,0.0,0.0,0.0,0.0,0.0,0.0,0.0,0.0,0.0,0.0,0.0
junior.n.04,1.55201187493294,1.55201187493294,0.0,0.0,1.55201187493294,0.0,1.55201187493294,1.55201187493294,1.55201187493294,0.0,1.55201187493294,0.0,1.55201187493294,0.0,1.55201187493294,1.55201187493294,0.0,0.0,1.55201187493294,2.22259267299011,1.55201187493294,0.0,1.55201187493294,0.0,0.0,0.0,2.22259267299011,2.22259267299011,0.0,0.0,2.17305119930379,8.627252073637429,1.55201187493294,0.0,1.2731327020020802,0.0,0.0,6.30450087930125,1.55201187493294,0.0,1.55201187493294,0.0,1.55201187493294,0.0,0.0,0.0,1.55201187493294,1.55201187493294,0.0,0.0,0.0,1.2731327020020802,1.55201187493294,0.0,0.0,1.55201187493294,0.0,2.22259267299011,0.0,0.0,0.0,2.04901826179671,0.0,0.0,1.2731327020020802,0.0,1.2731327020020802,0.0,2.22259267299011,1.2731327020020802,0.0,1.55201187493294,2.22259267299011,0.0,0.0,1.55201187493294,0.0,2.22259267299011,0.0,0.0,1.55201187493294,2.22259267299011,0.0,0.0,0.0,2.22259267299011,2.04901826179671,1.55201187493294,0.0,0.0,2.22259267299011,0.0,0.0,0.0,1.55201187493294,1.55201187493294,1.55201187493294,0.0,0.0,0.0
subject.n.06,1.55201187493294,1.55201187493294,0.0,0.0,1.55201187493294,0.0,1.55201187493294,1.55201187493294,1.55201187493294,0.0,1.55201187493294,0.0,1.55201187493294,0.0,1.55201187493294,1.55201187493294,0.0,0.0,1.55201187493294,2.22259267299011,1.55201187493294,0.0,1.55201187493294,0.0,0.0,0.0,2.22259267299011,2.22259267299011,0.0,0.0,2.17305119930379,2.22259267299011,1.55201187493294,0.0,1.2731327020020802,0.0,0.0,2.22259267299011,1.55201187493294,0.0,1.55201187493294,0.0,1.55201187493294,0.0,0.0,0.0,1.55201187493294,1.55201187493294,0.0,0.0,0.0,1.2731327020020802,1.55201187493294,0.0,0.0,1.55201187493294,0.0,2.22259267299011,0.0,0.0,0.0,2.04901826179671,0.0,0.0,1.2731327020020802,0.0,1.2731327020020802,0.0,2.22259267299011,1.2731327020020802,0.0,1.55201187493294,2.22259267299011,0.0,0.0,1.55201187493294,0.0,2.22259267299011,0.0,0.0,1.55201187493294,9.59729854881642,0.0,0.0,0.0,2.22259267299011,2.04901826179671,1.55201187493294,0.0,0.0,2.22259267299011,0.0,0.0,0.0,1.55201187493294,1.55201187493294,1.55201187493294,0.0,0.0,0.0
bel.n.01,0.0,0.0,4.07489798153414,0.0,0.0,9.767020190913358,0.0,0.0,0.0,0.0,0.0,0.0,0.0,0.0,0.0,0.0,2.35783709233789,4.07489798153414,0.0,0.0,0.0,0.0,0.0,0.0,0.0,4.07489798153414,0.0,0.0,0.0,0.0,0.0,0.0,0.0,4.07489798153414,0.0,0.0,0.0,0.0,0.0,0.0,0.0,0.0,0.0,3.05553582936798,0.0,0.0,0.0,0.0,0.0,0.0,0.0,0.0,0.0,0.0,0.0,0.0,0.0,0.0,0.0,0.0,0.0,0.0,0.0,0.0,0.0,0.0,0.0,0.0,0.0,0.0,0.0,0.0,0.0,0.0,0.0,0.0,0.0,0.0,0.0,0.0,0.0,0.0,0.0,0.0,0.0,0.0,0.0,0.0,0.0,0.0,0.0,0.0,0.0,4.07489798153414,0.0,0.0,0.0,0.0,0.0,0.0
day.n.04,0.0,0.0,2.35783709233789,0.0,0.0,2.35783709233789,0.0,0.0,0.0,0.0,0.0,0.0,0.0,0.0,0.0,0.0,6.47412219713736,2.35783709233789,0.0,0.0,0.0,0.0,0.0,0.0,0.0,2.35783709233789,0.0,0.0,0.0,0.0,0.0,0.0,0.0,2.35783709233789,0.0,0.0,0.0,0.0,0.0,0.0,0.0,0.0,0.0,2.35783709233789,0.0,0.0,0.0,0.0,0.0,0.0,0.0,0.0,0.0,0.0,0.0,0.0,0.0,0.0,0.0,0.0,0.0,0.0,0.0,0.0,0.0,0.0,0.0,0.0,0.0,0.0,0.0,0.0,0.0,0.0,0.0,0.0,0.0,0.0,0.0,0.0,0.0,0.0,0.0,0.0,0.0,0.0,0.0,0.0,0.0,0.0,0.0,0.0,0.0,2.35783709233789,0.0,0.0,0.0,0.0,0.0,0.0
new_mexico.n.01,1.2731327020020802,1.2731327020020802,0.0,0.0,1.2731327020020802,0.0,1.2731327020020802,1.2731327020020802,1.2731327020020802,0.0,1.2731327020020802,0.0,1.2731327020020802,0.0,1.2731327020020802,1.2731327020020802,0.0,0.0,1.2731327020020802,1.2731327020020802,1.2731327020020802,0.0,1.2731327020020802,0.0,0.0,0.0,1.2731327020020802,1.2731327020020802,0.0,0.0,1.2731327020020802,1.2731327020020802,1.2731327020020802,0.0,2.7939330074741697,0.0,0.0,1.2731327020020802,1.2731327020020802,0.0,1.2731327020020802,0.0,1.2731327020020802,0.0,0.0,0.0,1.2731327020020802,1.2731327020020802,0.0,0.0,0.0,10.782384435488401,1.2731327020020802,0.0,0.0,1.2731327020020802,0.0,1.2731327020020802,0.0,0.0,0.0,1.2731327020020802,0.0,0.0,3.6913704003452796,0.0,1.2731327020020802,0.0,1.2731327020020802,4.55880555145933,0.0,1.2731327020020802,1.2731327020020802,0.0,0.0,1.2731327020020802,0.0,1.2731327020020802,0.0,0.0,1.2731327020020802,1.2731327020020802,0.0,0.0,0.0,1.2731327020020802,1.2731327020020802,1.2731327020020802,0.0,0.0,1.2731327020020802,0.0,0.0,0.0,1.2731327020020802,1.2731327020020802,1.2731327020020802,0.0,0.0,0.0
pawl.n.01,4.2086495709425495,3.35394846143047,0.0,0.0,3.35394846143047,0.0,2.56104499047427,4.2086495709425495,3.35394846143047,0.0,4.2086495709425495,0.0,3.35394846143047,0.0,4.2086495709425495,4.2086495709425495,0.0,0.0,3.35394846143047,1.55201187493294,3.35394846143047,0.0,2.56104499047427,0.0,0.0,0.0,1.55201187493294,1.55201187493294,0.0,0.0,1.55201187493294,1.55201187493294,4.2086495709425495,0.0,1.2731327020020802,0.0,0.0,1.55201187493294,2.56104499047427,0.0,2.56104499047427,0.0,4.2086495709425495,0.0,0.0,0.0,2.56104499047427,3.35394846143047,0.0,0.0,0.0,1.2731327020020802,4.2086495709425495,0.0,0.0,11.761678768782,0.0,1.55201187493294,0.0,0.0,0.0,1.55201187493294,0.0,0.0,1.2731327020020802,0.0,1.2731327020020802,0.0,1.55201187493294,1.2731327020020802,0.0,3.35394846143047,1.55201187493294,0.0,0.0,4.2086495709425495,0.0,1.55201187493294,0.0,0.0,3.35394846143047,1.55201187493294,0.0,0.0,0.0,1.55201187493294,1.55201187493294,2.56104499047427,0.0,0.0,1.55201187493294,0.0,0.0,0.0,3.35394846143047,4.2086495709425495,2.56104499047427,0.0,0.0,0.0
ocean.n.01,0.0,0.0,0.0,0.0,0.0,0.0,0.0,0.0,0.0,0.0,0.0,0.0,0.0,0.0,0.0,0.0,0.0,0.0,0.0,0.0,0.0,0.0,0.0,0.0,0.0,0.0,0.0,0.0,0.0,0.0,0.0,0.0,0.0,0.0,0.0,0.0,0.0,0.0,0.0,0.0,0.0,0.0,0.0,0.0,0.0,0.0,0.0,0.0,0.0,0.0,0.0,0.0,0.0,7.72160973552032,0.0,0.0,0.0,0.0,0.0,0.0,0.0,0.0,0.0,0.0,0.0,0.0,0.0,0.0,0.0,0.0,0.0,0.0,0.0,0.0,0.0,0.0,0.0,0.0,0.0,0.0,0.0,0.0,0.0,0.0,0.0,0.0,0.0,0.0,0.0,0.0,0.0,0.0,0.0,0.0,0.0,0.0,0.0,0.0,0.0,0.0
national_rifle_association.n.01,0.0,0.0,0.0,0.0,0.0,0.0,0.0,0.0,0.0,0.0,0.0,0.0,0.0,0.0,0.0,0.0,0.0,0.0,0.0,0.0,0.0,0.0,0.0,0.0,0.0,0.0,0.0,0.0,0.0,0.0,0.0,0.0,0.0,0.0,0.0,0.0,0.0,0.0,0.0,0.0,0.0,0.0,0.0,0.0,0.0,0.0,0.0,0.0,0.0,0.0,12.8300772788536,0.0,0.0,0.0,0.0,0.0,0.0,0.0,0.0,0.0,0.0,0.0,0.0,0.0,0.0,0.0,0.0,0.0,0.0,0.0,0.0,0.0,0.0,0.0,0.0,0.0,0.0,0.0,0.0,0.0,0.0,0.0,0.0,0.0,0.0,0.0,0.0,0.0,0.0,3.1464124960345297,0.0,0.0,0.0,0.0,0.0,0.0,0.0,2.7254725989648505,0.0,0.0
driver.n.05,3.35394846143047,3.35394846143047,0.0,0.0,3.35394846143047,0.0,2.56104499047427,3.35394846143047,3.35394846143047,0.0,3.35394846143047,0.0,3.35394846143047,0.0,3.35394846143047,3.35394846143047,0.0,0.0,11.6063018472315,1.55201187493294,3.35394846143047,0.0,2.56104499047427,0.0,0.0,0.0,1.55201187493294,1.55201187493294,0.0,0.0,1.55201187493294,1.55201187493294,3.35394846143047,0.0,1.2731327020020802,0.0,0.0,1.55201187493294,2.56104499047427,0.0,2.56104499047427,0.0,3.35394846143047,0.0,0.0,0.0,2.56104499047427,3.35394846143047,0.0,0.0,0.0,1.2731327020020802,3.35394846143047,0.0,0.0,3.35394846143047,0.0,1.55201187493294,0.0,0.0,0.0,1.55201187493294,0.0,0.0,1.2731327020020802,0.0,1.2731327020020802,0.0,1.55201187493294,1.2731327020020802,0.0,5.565239175137731,1.55201187493294,0.0,0.0,3.35394846143047,0.0,1.55201187493294,0.0,0.0,3.35394846143047,1.55201187493294,0.0,0.0,0.0,1.55201187493294,1.55201187493294,2.56104499047427,0.0,0.0,1.55201187493294,0.0,0.0,0.0,3.35394846143047,3.35394846143047,2.56104499047427,0.0,0.0,0.0
stick.n.03,3.35394846143047,3.35394846143047,0.0,0.0,3.35394846143047,0.0,2.56104499047427,3.35394846143047,3.35394846143047,0.0,3.35394846143047,0.0,3.35394846143047,0.0,3.35394846143047,3.35394846143047,0.0,0.0,3.35394846143047,1.55201187493294,3.35394846143047,0.0,2.56104499047427,0.0,0.0,0.0,1.55201187493294,1.55201187493294,0.0,0.0,1.55201187493294,1.55201187493294,3.35394846143047,0.0,1.2731327020020802,0.0,0.0,1.55201187493294,2.56104499047427,0.0,2.56104499047427,0.0,3.35394846143047,0.0,0.0,0.0,2.56104499047427,3.35394846143047,0.0,0.0,0.0,1.2731327020020802,3.35394846143047,0.0,0.0,3.35394846143047,0.0,1.55201187493294,0.0,0.0,0.0,1.55201187493294,0.0,0.0,1.2731327020020802,0.0,1.2731327020020802,0.0,1.55201187493294,1.2731327020020802,0.0,3.35394846143047,1.55201187493294,0.0,0.0,3.35394846143047,0.0,1.55201187493294,0.0,0.0,12.3531532067633,1.55201187493294,0.0,0.0,0.0,1.55201187493294,1.55201187493294,2.56104499047427,0.0,0.0,1.55201187493294,0.0,0.0,0.0,3.35394846143047,3.35394846143047,2.56104499047427,0.0,0.0,0.0
scanner.n.04,3.35394846143047,3.35394846143047,0.0,0.0,3.35394846143047,0.0,2.56104499047427,3.35394846143047,3.35394846143047,0.0,3.35394846143047,0.0,3.35394846143047,0.0,3.35394846143047,3.35394846143047,0.0,0.0,5.565239175137731,1.55201187493294,3.35394846143047,0.0,2.56104499047427,0.0,0.0,0.0,1.55201187493294,1.55201187493294,0.0,0.0,1.55201187493294,1.55201187493294,3.35394846143047,0.0,1.2731327020020802,0.0,0.0,1.55201187493294,2.56104499047427,0.0,2.56104499047427,0.0,3.35394846143047,0.0,0.0,0.0,2.56104499047427,3.35394846143047,0.0,0.0,0.0,1.2731327020020802,3.35394846143047,0.0,0.0,3.35394846143047,0.0,1.55201187493294,0.0,0.0,0.0,1.55201187493294,0.0,0.0,1.2731327020020802,0.0,1.2731327020020802,0.0,1.55201187493294,1.2731327020020802,0.0,12.8300772788536,1.55201187493294,0.0,0.0,3.35394846143047,0.0,1.55201187493294,0.0,0.0,3.35394846143047,1.55201187493294,0.0,0.0,0.0,1.55201187493294,1.55201187493294,2.56104499047427,0.0,0.0,1.55201187493294,0.0,0.0,0.0,3.35394846143047,3.35394846143047,2.56104499047427,0.0,0.0,0.0
controversy.n.01,0.0,0.0,0.0,0.0,0.0,0.0,0.0,0.0,0.0,2.4322246232977798,0.0,2.4322246232977798,0.0,8.89457028872487,0.0,0.0,0.0,0.0,0.0,0.0,0.0,1.7812696529610101,0.0,0.0,2.4322246232977798,0.0,0.0,0.0,0.0,0.0,0.0,0.0,0.0,0.0,0.0,2.4322246232977798,0.0,0.0,0.0,0.0,0.0,0.0,0.0,0.0,2.4322246232977798,1.7812696529610101,0.0,0.0,0.0,0.0,0.0,0.0,0.0,0.0,0.0,0.0,2.4322246232977798,1.7812696529610101,0.0,0.0,1.7812696529610101,0.0,0.0,0.0,0.0,0.0,0.0,0.0,0.0,0.0,0.0,0.0,0.0,0.0,2.4322246232977798,0.0,0.0,0.0,0.0,0.0,0.0,0.0,0.0,0.0,2.4322246232977798,0.0,0.0,0.0,0.0,0.0,0.0,2.10449043503241,2.4322246232977798,0.0,0.0,0.0,0.0,0.0,2.4322246232977798,0.0
rhode_island.n.01,1.2731327020020802,1.2731327020020802,0.0,0.0,1.2731327020020802,0.0,1.2731327020020802,1.2731327020020802,1.2731327020020802,0.0,1.2731327020020802,0.0,1.2731327020020802,0.0,1.2731327020020802,1.2731327020020802,0.0,0.0,1.2731327020020802,1.2731327020020802,1.2731327020020802,0.0,1.2731327020020802,0.0,0.0,0.0,1.2731327020020802,1.2731327020020802,0.0,0.0,1.2731327020020802,1.2731327020020802,1.2731327020020802,0.0,2.7939330074741697,0.0,0.0,1.2731327020020802,1.2731327020020802,0.0,1.2731327020020802,0.0,1.2731327020020802,0.0,0.0,0.0,1.2731327020020802,1.2731327020020802,0.0,0.0,0.0,4.55880555145933,1.2731327020020802,0.0,0.0,1.2731327020020802,0.0,1.2731327020020802,0.0,0.0,0.0,1.2731327020020802,0.0,0.0,3.6913704003452796,0.0,1.2731327020020802,0.0,1.2731327020020802,12.2704614909182,0.0,1.2731327020020802,1.2731327020020802,0.0,0.0,1.2731327020020802,0.0,1.2731327020020802,0.0,0.0,1.2731327020020802,1.2731327020020802,0.0,0.0,0.0,1.2731327020020802,1.2731327020020802,1.2731327020020802,0.0,0.0,1.2731327020020802,0.0,0.0,0.0,1.2731327020020802,1.2731327020020802,1.2731327020020802,0.0,0.0,0.0
phone.n.02,0.0,0.0,0.0,0.0,0.0,0.0,0.0,0.0,0.0,0.0,0.0,0.0,0.0,0.0,0.0,0.0,0.0,0.0,0.0,0.0,0.0,0.0,0.0,0.0,0.0,0.0,0.0,0.0,0.0,2.5950833564052402,0.0,0.0,0.0,0.0,0.0,0.0,0.0,0.0,0.0,3.2061411070902204,0.0,0.0,0.0,0.0,0.0,0.0,0.0,0.0,0.0,0.0,0.0,0.0,0.0,0.0,0.0,0.0,0.0,0.0,8.77688795971442,3.2061411070902204,0.0,0.0,0.0,0.0,0.0,0.0,0.0,0.0,0.0,0.0,3.2061411070902204,0.0,0.0,0.0,0.0,0.0,0.0,0.0,0.0,0.0,0.0,0.0,0.0,0.0,0.0,0.0,0.0,0.0,0.0,0.0,0.0,0.0,0.0,0.0,0.0,0.0,0.0,0.0,0.0,0.0
ampere.n.01,0.0,0.0,13.5232244594136,0.0,0.0,4.07489798153414,0.0,0.0,0.0,0.0,0.0,0.0,0.0,0.0,0.0,0.0,2.35783709233789,4.07489798153414,0.0,0.0,0.0,0.0,0.0,0.0,0.0,4.07489798153414,0.0,0.0,0.0,0.0,0.0,0.0,0.0,4.07489798153414,0.0,0.0,0.0,0.0,0.0,0.0,0.0,0.0,0.0,3.05553582936798,0.0,0.0,0.0,0.0,0.0,0.0,0.0,0.0,0.0,0.0,0.0,0.0,0.0,0.0,0.0,0.0,0.0,0.0,0.0,0.0,0.0,0.0,0.0,0.0,0.0,0.0,0.0,0.0,0.0,0.0,0.0,0.0,0.0,0.0,0.0,0.0,0.0,0.0,0.0,0.0,0.0,0.0,0.0,0.0,0.0,0.0,0.0,0.0,0.0,6.621319379180631,0.0,0.0,0.0,0.0,0.0,0.0
converter.n.01,4.2086495709425495,3.35394846143047,0.0,0.0,3.35394846143047,0.0,2.56104499047427,4.2086495709425495,3.35394846143047,0.0,4.2086495709425495,0.0,3.35394846143047,0.0,10.502799573269199,4.2086495709425495,0.0,0.0,3.35394846143047,1.55201187493294,3.35394846143047,0.0,2.56104499047427,0.0,0.0,0.0,1.55201187493294,1.55201187493294,0.0,0.0,1.55201187493294,1.55201187493294,4.2086495709425495,0.0,1.2731327020020802,0.0,0.0,1.55201187493294,2.56104499047427,0.0,2.56104499047427,0.0,4.2086495709425495,0.0,0.0,0.0,2.56104499047427,3.35394846143047,0.0,0.0,0.0,1.2731327020020802,4.2086495709425495,0.0,0.0,4.2086495709425495,0.0,1.55201187493294,0.0,0.0,0.0,1.55201187493294,0.0,0.0,1.2731327020020802,0.0,1.2731327020020802,0.0,1.55201187493294,1.2731327020020802,0.0,3.35394846143047,1.55201187493294,0.0,0.0,4.2086495709425495,0.0,1.55201187493294,0.0,0.0,3.35394846143047,1.55201187493294,0.0,0.0,0.0,1.55201187493294,1.55201187493294,2.56104499047427,0.0,0.0,1.55201187493294,0.0,0.0,0.0,3.35394846143047,4.2086495709425495,2.56104499047427,0.0,0.0,0.0
armenian.n.03,0.0,0.0,0.0,12.3192516550876,0.0,0.0,0.0,0.0,0.0,0.0,0.0,0.0,0.0,0.0,0.0,0.0,0.0,0.0,0.0,0.0,0.0,0.0,0.0,2.8843543969009797,0.0,0.0,0.0,0.0,0.0,0.0,0.0,0.0,0.0,0.0,0.0,0.0,4.20092767769385,0.0,0.0,0.0,0.0,0.0,0.0,0.0,0.0,0.0,0.0,0.0,3.96051530013872,0.0,0.0,0.0,0.0,0.0,0.0,0.0,0.0,0.0,0.0,0.0,0.0,0.0,4.20092767769385,2.8843543969009797,0.0,3.96051530013872,0.0,0.0,0.0,0.0,0.0,0.0,0.0,2.8843543969009797,0.0,0.0,0.0,0.0,0.0,0.0,0.0,0.0,0.0,0.0,0.0,0.0,0.0,0.0,2.8843543969009797,0.0,0.0,0.0,0.0,0.0,0.0,0.0,0.0,0.0,0.0,0.0
macintosh.n.02,2.56104499047427,2.56104499047427,0.0,0.0,2.56104499047427,0.0,2.56104499047427,2.56104499047427,2.56104499047427,0.0,2.56104499047427,0.0,2.56104499047427,0.0,2.56104499047427,2.56104499047427,0.0,0.0,2.56104499047427,1.55201187493294,2.56104499047427,0.0,2.56104499047427,0.0,0.0,0.0,1.55201187493294,1.55201187493294,0.0,0.0,1.55201187493294,1.55201187493294,2.56104499047427,0.0,1.2731327020020802,0.0,0.0,1.55201187493294,10.3662240382634,0.0,5.4815734390117,0.0,2.56104499047427,0.0,0.0,0.0,2.56104499047427,2.56104499047427,0.0,0.0,0.0,1.2731327020020802,2.56104499047427,0.0,0.0,2.56104499047427,0.0,1.55201187493294,0.0,0.0,0.0,1.55201187493294,0.0,0.0,1.2731327020020802,0.0,1.2731327020020802,0.0,1.55201187493294,1.2731327020020802,0.0,2.56104499047427,1.55201187493294,0.0,0.0,2.56104499047427,0.0,1.55201187493294,0.0,0.0,2.56104499047427,1.55201187493294,0.0,0.0,0.0,1.55201187493294,1.55201187493294,2.56104499047427,0.0,0.0,1.55201187493294,0.0,0.0,0.0,2.56104499047427,2.56104499047427,2.56104499047427,0.0,0.0,0.0
yeast.n.01,0.0,0.0,0.0,0.0,0.0,0.0,0.0,0.0,0.0,0.0,0.0,0.0,0.0,0.0,0.0,0.0,0.0,0.0,0.0,0.0,0.0,0.0,0.0,0.0,0.0,0.0,0.0,0.0,0.0,0.0,0.0,0.0,0.0,0.0,0.0,0.0,0.0,0.0,0.0,3.0913112332169503,0.0,0.0,0.0,0.0,0.0,0.0,0.0,0.0,0.0,4.473765924240981,0.0,0.0,0.0,0.0,0.0,0.0,0.0,0.0,0.0,3.0913112332169503,0.0,0.0,0.0,0.0,0.0,0.0,0.0,0.0,0.0,0.0,3.0913112332169503,0.0,0.0,0.0,0.0,0.0,0.0,0.0,4.473765924240981,0.0,0.0,0.0,0.0,0.0,0.0,0.0,0.0,0.0,0.0,0.0,0.0,0.0,0.0,0.0,0.0,0.0,0.0,0.0,0.0,10.4186377809475
liaison.n.02,0.0,0.0,0.0,0.0,0.0,0.0,0.0,0.0,0.0,2.4322246232977798,0.0,6.728099039267451,0.0,2.4322246232977798,0.0,0.0,0.0,0.0,0.0,0.0,0.0,1.7812696529610101,0.0,0.0,2.4322246232977798,0.0,0.0,0.0,0.0,0.0,0.0,0.0,0.0,0.0,0.0,10.948070931777801,0.0,0.0,0.0,0.0,0.0,0.0,0.0,0.0,2.4322246232977798,1.7812696529610101,0.0,0.0,0.0,0.0,0.0,0.0,0.0,0.0,0.0,0.0,2.4322246232977798,1.7812696529610101,0.0,0.0,1.7812696529610101,0.0,0.0,0.0,0.0,0.0,0.0,0.0,0.0,0.0,0.0,0.0,0.0,0.0,2.4322246232977798,0.0,0.0,0.0,0.0,0.0,0.0,0.0,0.0,0.0,2.4322246232977798,0.0,0.0,0.0,0.0,0.0,0.0,2.10449043503241,2.4322246232977798,0.0,0.0,0.0,0.0,0.0,2.4322246232977798,0.0
volt.n.01,0.0,0.0,6.621319379180631,0.0,0.0,4.07489798153414,0.0,0.0,0.0,0.0,0.0,0.0,0.0,0.0,0.0,0.0,2.35783709233789,4.07489798153414,0.0,0.0,0.0,0.0,0.0,0.0,0.0,4.07489798153414,0.0,0.0,0.0,0.0,0.0,0.0,0.0,4.07489798153414,0.0,0.0,0.0,0.0,0.0,0.0,0.0,0.0,0.0,3.05553582936798,0.0,0.0,0.0,0.0,0.0,0.0,0.0,0.0,0.0,0.0,0.0,0.0,0.0,0.0,0.0,0.0,0.0,0.0,0.0,0.0,0.0,0.0,0.0,0.0,0.0,0.0,0.0,0.0,0.0,0.0,0.0,0.0,0.0,0.0,0.0,0.0,0.0,0.0,0.0,0.0,0.0,0.0,0.0,0.0,0.0,0.0,0.0,0.0,0.0,10.1821310018211,0.0,0.0,0.0,0.0,0.0,0.0
