index_P,0,1,2,3,4,5,6,7,8,9,10,11,12,13,14,15,16,17,18,19,20,21,22,23,24,25,26,27,28,29,30,31,32,33,34,35,36,37,38,39,40,41,42,43,44,45,46,47,48,49,50,51,52,53,54,55,56,57,58,59,60,61,62,63,64,65,66,67,68,69,70,71,72,73,74,75,76,77,78,79,80,81,82,83,84,85,86,87,88,89,90,91,92,93,94,95,96,97,98,99
235,0.0,0.6615054395836483,0.0,0.0,0.0,0.0,0.0,0.0,0.0,0.0,0.0,0.0,0.0,0.0,0.0,0.0,0.0,0.0,0.0,0.0,0.0,0.0,0.0,0.0,0.0,0.0,0.0,0.0,0.0,7.336043668234655e-11,0.0,0.0,0.0,0.0,0.0,5.083519546252635e-08,0.0,0.0,0.0,0.0,0.0,0.0,0.0,0.0,0.0,1.9045144317203e-310,0.0,0.0,0.0,0.0,0.0,0.0,0.0,0.0,0.0,0.0,0.0,1.085089074350257e-07,0.0,4.854701194872668e-07,0.0,0.0,0.0,0.0,0.0,0.0,0.0,0.0,0.0,0.0,0.0,0.0,0.0,0.0,0.0,0.0,0.0,0.0,0.0,0.0,0.0,0.0,0.0,0.0,0.0,0.0,0.0,0.0,0.0,0.0,0.0,0.0,0.0,0.0,0.0,0.0,0.0,0.0,0.0,0.0
66,0.0,0.6615054395836483,0.0,0.0,0.0,0.0,0.0,0.0,0.0,0.0,0.0,0.0,0.0,0.0,0.0,0.0,0.0,0.0,0.0,0.0,0.0,0.0,0.0,0.0,0.0,0.0,0.0,0.0,0.0,7.336043668234655e-11,0.0,0.0,0.0,0.0,0.0,5.083519546252635e-08,0.0,0.0,0.0,0.0,0.0,0.0,0.0,0.0,0.0,1.9045144317203e-310,0.0,0.0,0.0,0.0,0.0,0.0,0.0,0.0,0.0,0.0,0.0,1.085089074350257e-07,0.0,4.854701194872668e-07,0.0,0.0,0.0,0.0,0.0,0.0,0.0,0.0,0.0,0.0,0.0,0.0,0.0,0.0,0.0,0.0,0.0,0.0,0.0,0.0,0.0,0.0,0.0,0.0,0.0,0.0,0.0,0.0,0.0,0.0,0.0,0.0,0.0,0.0,0.0,0.0,0.0,0.0,0.0,0.0
299,0.0,0.6615054395836483,0.0,0.0,0.0,0.0,0.0,0.0,0.0,0.0,0.0,0.0,0.0,0.0,0.0,0.0,0.0,0.0,0.0,0.0,0.0,0.0,0.0,0.0,0.0,0.0,0.0,0.0,0.0,7.336043668234655e-11,0.0,0.0,0.0,0.0,0.0,5.083519546252635e-08,0.0,0.0,0.0,0.0,0.0,0.0,0.0,0.0,0.0,1.9045144317203e-310,0.0,0.0,0.0,0.0,0.0,0.0,0.0,0.0,0.0,0.0,0.0,1.085089074350257e-07,0.0,4.854701194872668e-07,0.0,0.0,0.0,0.0,0.0,0.0,0.0,0.0,0.0,0.0,0.0,0.0,0.0,0.0,0.0,0.0,0.0,0.0,0.0,0.0,0.0,0.0,0.0,0.0,0.0,0.0,0.0,0.0,0.0,0.0,0.0,0.0,0.0,0.0,0.0,0.0,0.0,0.0,0.0,0.0
271,0.0,0.6615054395836483,0.0,0.0,0.0,0.0,0.0,0.0,0.0,0.0,0.0,0.0,0.0,0.0,0.0,0.0,0.0,0.0,0.0,0.0,0.0,0.0,0.0,0.0,0.0,0.0,0.0,0.0,0.0,7.336043668234655e-11,0.0,0.0,0.0,0.0,0.0,5.083519546252635e-08,0.0,0.0,0.0,0.0,0.0,0.0,0.0,0.0,0.0,1.9045144317203e-310,0.0,0.0,0.0,0.0,0.0,0.0,0.0,0.0,0.0,0.0,0.0,1.085089074350257e-07,0.0,4.854701194872668e-07,0.0,0.0,0.0,0.0,0.0,0.0,0.0,0.0,0.0,0.0,0.0,0.0,0.0,0.0,0.0,0.0,0.0,0.0,0.0,0.0,0.0,0.0,0.0,0.0,0.0,0.0,0.0,0.0,0.0,0.0,0.0,0.0,0.0,0.0,0.0,0.0,0.0,0.0,0.0,0.0
44,0.0,0.004482668556769737,0.6552008275616295,0.0,0.0,0.0,0.0,0.0024125686122879316,2.7051432089816545e-08,0.0,0.0,0.0,0.0,0.003458074064020169,0.0,0.0,0.0,0.0,0.0,0.009127573694810954,0.0,0.0,0.0,0.0,0.0,0.0,0.0,0.0,0.0,0.0023796571517595223,0.0,0.0,0.0,0.0,0.0,0.0,0.0,0.0,0.0,0.0,0.0,0.0,0.0,1.885608445225784e-05,0.0,0.0,0.0,0.0,0.03892370937442786,0.0,0.0,0.0,0.0,0.0,3.5570792121956325e-05,0.0,8.487109359676314e-06,0.0,0.0,0.0,0.0,0.0,0.0,0.0,0.0,0.0,0.0,0.05097142636812222,0.07730804494783673,0.0,0.0,0.0,0.0,0.0,0.0,0.0,0.0,0.0,0.0,0.010764240763587759,0.0,0.0,0.0,0.0,0.0,0.0,0.0,0.0,0.0,0.0,0.0,0.0,0.0,0.0,0.0,0.0,0.0,0.0,0.0,0.0
388,0.0,0.0,0.0,0.0,0.0,0.0,0.0,0.0,0.0,0.0,0.0,0.0,0.0,0.0,0.0,0.0,0.9410719605985968,0.0,0.0,0.0,0.0,0.0,0.0,0.0,0.0,0.0,0.0,0.0,0.0,0.0,0.0,0.0,0.0,0.0,0.0,0.0,0.0,0.0,0.0,0.0,0.0,0.0,0.0,0.0,0.0,0.0,0.0,0.0,0.0,0.0,0.0,0.0,0.0,0.0,0.0,0.0,0.0,0.0,0.0,0.0,0.0,0.0,0.0,0.0,0.0,0.0,0.0,0.0,0.0,0.0,0.0,0.0,0.0,0.0,0.0,0.0,0.0,0.0,0.0,0.0,0.0,0.0,0.0,0.0,0.0,0.0,0.0,0.0,0.0,0.0,0.0,0.0,0.0,0.0,0.0,0.0,0.0,0.0,0.0,0.0
89,0.0,0.0,0.0,0.0,0.0,0.0,0.0,0.0,0.798195417943723,0.0,0.0,0.0,0.0,0.0,0.0,0.0,0.0,0.0,0.0,0.077150867638511,0.0,0.0,0.0,0.0,0.0,0.0,0.0,0.0,0.0,0.0,0.0,1.259597589197732e-05,0.0,0.0,0.0,0.0,0.0,0.0,2.5300987446221553e-05,0.0,0.0,0.0,0.0,0.00015923144380037082,0.0,0.0,0.0,3.1682102117155205e-05,0.0,0.0,0.0,0.0,0.0,0.0,0.0003001386129664956,0.0,6.435831209105583e-05,0.0,0.0,0.0,0.0,0.0001289099717676306,0.0,0.0,0.0,0.0,0.0,0.0,0.00013380880153285248,0.0,0.0,0.0,9.397352799109849e-05,0.00023635855321942593,0.0,0.0013877332951633156,0.0,3.951165843693144e-05,0.0,0.0,0.0,0.0,0.0,0.0,0.0,0.0,0.0,0.0,0.0,0.0,0.0,0.0,0.0,0.0,0.0,0.0,0.0,0.0,0.0,0.0
53,0.0,0.0,0.6056585055565524,0.0,2.0737996817807563e-09,0.0,1.1810015489817833e-05,0.0,0.0,0.0,0.0,0.0,0.0,0.0,0.0,0.0,0.0,0.0,8.042828202183025e-07,0.0,0.0,4.331811127315706e-06,0.0,0.0,0.0,0.0,0.0,0.0,0.0,0.0,0.0,0.0,0.0,0.0,0.0,0.0,0.0,0.0,0.0,0.0,0.0,0.0,0.0,0.0,1.2092056207689514e-05,0.0,0.0,0.0,0.0,0.0,0.0,4.101882361354861e-06,1.2855345143785401e-06,8.97372489910503e-06,0.0,3.651310232579813e-05,0.0,0.0,0.0,0.0,0.0,0.0,0.0,0.16661327189318756,0.0,0.36409850183815506,0.0,0.0,0.0,0.0,0.0,0.14134464096300473,0.0,0.0,0.0,0.0,0.1264677521745569,0.0,0.0,0.0,0.0,1.4698020099124187e-06,0.0,0.0,0.0,0.0,0.0,0.0,0.0,0.0,0.0,0.0,0.0,0.0,0.0,0.0,0.0,0.0,0.0,0.0
268,1.7432944333646817e-05,0.11251899785402021,0.5866425116560753,0.0,8.444291034893748e-10,0.0,5.806351455872861e-06,0.1143537778186766,8.85332240403715e-07,0.0,0.0,0.0,0.0,0.0,0.0,0.0,0.0,0.0,4.326487687041084e-06,0.06595648192060208,0.0,2.0771234519174456e-06,0.0,0.0,0.0,0.0,0.0,0.0,0.0,0.0,0.0,2.1357859227459153e-05,0.0,0.0,0.0,0.0,0.0,0.0,0.0,0.0,0.0,0.0,0.0,0.00013613362748733583,5.794725304576027e-06,0.0,0.0,2.815870124766819e-05,0.0,0.0,0.0,1.9654947954953135e-06,5.825214411902057e-06,4.294319411895635e-06,0.0002566063081954819,1.2553706464876294e-05,4.572693097430441e-05,0.0,0.0,0.0,0.0,0.00015259645949753913,0.0,0.12799732342516446,0.0,0.0,0.0,0.0,0.0,0.0,0.0,1.6480232529352444e-05,5.1101140351759075e-05,0.0,0.14922820680570859,0.0008909804626108253,0.0,0.0,0.0,0.0,0.0,0.0,0.0,0.0,0.0,0.0,0.0,0.0,0.0,0.0,0.0,0.0,0.0,0.0,0.0,0.0,0.0,0.0,0.0,0.0
131,0.0,0.0,0.0,0.0,1.0168015006347357e-09,0.0,5.972327555584431e-06,0.0,0.0,0.0,0.0,0.0,0.0,0.0,0.0,0.0,0.0,0.0,0.45955326744694225,0.02501093164738224,0.0,2.178995522799382e-06,0.0,0.0,0.0,0.0,1.564639019050845e-05,0.0,0.0,9.521855828434706e-07,0.0,8.31557565093881e-06,0.0,4.476190560008519e-06,4.19069960728961e-06,0.0,0.0,0.0,7.957592657084057e-06,0.0,0.0,0.0,9.01545396869512e-07,5.169433139206792e-05,6.240360309248873e-06,0.0,1.6654669239445166e-05,1.0245298807853323e-05,0.0,1.1288707129936287e-06,0.0,4.3220241110466695e-08,2.651528182291431e-06,4.691652775606404e-06,9.759921774856289e-05,1.9013476674344015e-05,2.0828253926096734e-05,0.0,0.0,0.0,0.0,6.291192171158764e-05,0.0,0.003711160470623457,0.0,0.0,0.0,0.0,6.936800886863181e-05,0.0,0.0,0.259709861852726,1.3271510719904832e-05,0.0,0.0,0.0004685119090278747,0.0,0.0,0.0,0.0,0.0,0.0,0.0,0.0,0.0,0.0,0.0,0.0,0.0,0.0,0.0,0.0,0.0,0.0,0.0,0.0,0.0,0.0,0.0,0.0
436,0.0,0.0,0.0,0.0,0.0,0.6289527267249454,0.0,0.0,0.0,0.016362731351591768,0.0,0.03592001452559459,2.495616452432528e-08,0.0,0.0,0.0,0.0,0.0,0.0,0.0,0.0,0.0,0.0,0.0,0.0,0.0,0.0,0.0,0.0,0.0,0.0,0.0,0.0,0.0,0.0,0.0,0.0,0.0,0.0,0.0,0.0,0.0,0.0,0.0,0.0,0.0,0.0,0.0,0.0,0.0,0.0,0.0,0.0,0.0,0.0,0.0,0.0,0.0,0.0,0.0,0.1614800877827013,0.0,0.0,0.0,0.0,0.0,0.0,0.0,0.0,0.0,0.0,0.0,0.04182006785234606,0.0,0.0,0.0,0.0,0.0,0.017883576676668435,0.0,0.0,0.0,0.0,0.0,0.0,0.0,0.0,0.0,0.0,0.0,0.0,0.0,0.0,0.0,0.0,0.0,0.0,0.0,0.0,0.0
196,0.0,0.0,0.0,0.0,0.4179553802870332,0.0,0.0,0.0,0.0,0.0,0.0,0.0,0.0,0.0,0.0,0.0,0.0,0.0,0.0,0.0,0.0,0.0,0.0,0.0,0.0,0.0,0.0,0.0,0.0,0.0,0.0,0.0,0.0,0.0,0.0,0.0,0.0,0.0,0.0,0.0,0.0,0.0,0.0,0.0,0.0,0.0,0.0,0.0,0.0,0.0,0.0,0.0,0.0,0.0,0.0,0.0,0.0,0.0,0.0,0.0,0.0,0.0,0.0,0.0,0.0,0.0,0.0,0.0,0.0,0.0,0.0,0.0,0.0,0.0,0.0,0.0,0.3713168292177948,0.0,0.0,0.0,0.0,0.0,0.0,0.0,0.0,0.0,0.0,0.0,0.0,0.0,0.0,0.0,0.0,0.0,0.0,0.0,0.0,0.0,0.0,0.0
528,0.0,0.0,0.0,0.0,8.745636426547067e-10,0.0,5.1724150464892636e-06,0.0,0.0,0.0,1.768750271724612e-06,0.0,0.0,0.0,0.0,0.0,0.0,1.0495502980602217e-06,7.090746480168172e-07,0.0,0.0,1.8916473205267202e-06,0.0,0.7743377885134579,0.0,0.0,1.2984864126769187e-05,0.0,0.0,1.0332118125189076e-06,0.0,0.0,0.0,0.0,2.912406562809855e-06,0.0,0.0,0.0,0.0,0.0,0.0,0.0,0.0,0.0,5.258275275634503e-06,0.0,4.770124614221209e-06,0.0,0.0,1.1962213139256324e-08,0.0,4.79224316266846e-08,2.914808769957747e-06,3.890337778811052e-06,0.0,1.5756683415750037e-05,0.0,0.0,0.0,0.0,0.0,5.052437398944063e-06,0.0,0.10254794761063568,3.4769660204266915e-06,0.0,0.0,0.0,0.0,0.0,0.0,1.2331934415419836e-05,0.0,0.0,0.0,0.0,0.0,0.0,0.0,0.0,0.0,8.946146779745064e-07,0.0,0.0,0.0,0.0,0.0,0.0,0.0,0.0,0.0,0.0,0.0,0.0,0.0,0.0,0.0,0.0,0.0,0.0
215,0.0,0.0,0.0,0.0,0.034133503603382166,0.0,0.0,0.02356287180474374,0.0,0.02510680966251094,0.0,0.0,4.7909470209698564e-08,0.3804925131818876,0.0,7.454768572781947e-06,0.0,0.0,0.0,0.0,0.0,0.0,0.0,0.0,0.0,0.0,0.0,0.0,0.0,0.0,0.0,0.0,0.0,0.0,0.0,1.091500010621759e-05,0.0,0.0,0.0,0.0,0.033671763473282997,0.0,0.0,0.0,0.0,0.0,0.0,3.1323052087905065e-06,0.0,0.0,0.0,0.0,9.279006033922487e-06,0.0,0.0,0.0,8.428076585336068e-06,0.0,0.0,0.0,0.0,0.0,0.0,0.0,0.0,0.0,0.0,0.0,0.0,0.0,0.0,0.0,0.0,0.0,0.12314148546741295,0.0,0.0,4.038785414727946e-05,0.0,0.0,0.0,0.0,0.0,0.0,0.0,0.0,0.0,0.0,0.0,0.0,0.0,0.0,0.0,0.0,0.0,0.0,0.0,0.0,0.0,0.0
374,0.0,0.0,0.0,0.0,1.238656005616561e-08,0.0,7.212756031313256e-05,0.0,0.0,0.0,0.0,0.0,2.999110898241498e-09,0.0,0.0,0.0,0.0,1.6011144496151958e-05,1.0042370508452454e-05,0.0,0.04326132612946966,2.640710139456568e-05,8.638370330238907e-05,0.0,0.5832435078201724,0.0,0.000185585198401877,0.0,0.0,4.507792942775707e-06,0.0,0.0,0.0,0.0,4.561588239667958e-05,0.0,0.0,0.0,0.0,0.0,0.03033901549136245,0.0,1.5212244919846037e-05,0.0,7.443694386783384e-05,0.0,0.0001400970162482384,0.0,0.0001447545375007253,3.3879473818894686e-07,0.0,5.002661353474575e-07,3.411670126550275e-05,5.538556233859736e-05,0.0,0.014550408514776285,0.0,3.589217001023699e-05,0.0,0.0,0.0,7.64255426224463e-05,0.0,0.5988783884749991,1.2570407652598592e-05,0.0,0.0,0.0,0.0,0.0,0.0,7.053315448526598e-05,0.0,0.0,0.0,0.0,0.0,0.0,0.0,0.000853630138209608,0.0,5.220487387853262e-06,0.0,0.0,0.0,0.0,0.0,0.0,0.0,0.0,0.0,0.0,0.0,0.0,0.0,0.0,0.0,0.0,0.0,0.0
426,0.0,0.0,0.0,0.0,0.0,0.0,0.0,0.0,0.0,0.0,0.0,0.0,0.0,0.0,0.0,0.0,0.0,0.0,0.0,0.0,0.0,0.0,0.0,0.0,0.0,0.0,0.0,0.0,0.0,0.0,0.8296057756439498,0.0,0.0,0.0,0.0,0.0,0.0,0.0,0.0,0.0,0.0,0.0,0.0,0.0,0.0,0.0,0.0,0.0,0.0,0.0,0.0,0.0,0.0,0.0,0.0,0.0,0.0,0.0,0.0,0.0,0.0,0.0,0.0,0.0,0.0,0.0,0.0,0.0,0.0,0.0,0.0,0.0,0.0,0.0,0.0,0.0,0.0,0.0,0.0,0.0,0.0,0.0,0.0,0.0,0.0,0.0,0.0,0.0,0.0,0.0,0.0,0.0,0.0,0.0,0.0,0.0,0.0,0.0,0.0,0.0
438,3.252824141476217e-05,0.0,0.0,0.0,5.417629314906373e-09,0.0,3.100237458643794e-05,0.0,0.0,0.0,0.0,0.0,0.0,0.0,0.0,0.0,0.0,1.0529841885500275e-05,4.4200408065413955e-06,0.0,0.0,1.1346674923987605e-05,3.7100664966128026e-05,0.0,0.0,0.0,0.23069420948030345,0.0,0.0,4.646419878069935e-06,0.0,0.0,0.36234496304726393,0.0,2.4244237144546957e-05,0.0,0.0,0.0,0.0,0.0,0.0,0.0,5.046105558167337e-06,0.0,2.4929458287749046e-05,0.0,2.1665704767096275e-05,0.0,0.0,0.0,0.0,6.873460416362992e-06,1.3849690366160822e-05,1.8515746057955023e-05,0.0,7.515697109003842e-05,0.0,0.0,0.0,0.0,0.0,2.2335555201294243e-05,0.0,0.03690009681451181,1.6024549064299378e-06,0.0,0.0,0.2495914574759695,0.0,0.0,0.0,3.6850692716321137e-06,0.0,0.0,0.0,0.0,0.0,0.0,0.0,0.0,0.0,3.211108300947132e-07,0.0,0.0,0.0,0.0,0.0,0.0,0.0,0.0,0.0,0.0,0.0,0.0,0.0,0.0,0.0,0.0,0.0,0.0
35,0.0,0.0,0.0,0.0,0.0,0.0,0.0,0.0,1.0284754910341674e-07,0.0,0.0,0.0,0.0,0.01512643717462663,0.0,0.0,0.0,0.0,0.0,0.009362153638488899,0.00014394310057834998,0.0,0.0,2.0414441018406765e-08,0.00046477861579428134,8.775500056704156e-15,0.0,0.0,0.0,0.0,0.0,4.139607222022131e-05,0.0,0.0,0.0,0.0,0.0,3.0332729507254762e-05,0.0,0.0,0.0,0.0,0.0,1.9368635781375692e-05,0.0,0.0,0.0,0.0,8.816389045231468e-05,0.0,0.0,0.0,0.0,0.0,3.65157955210104e-05,0.0,5.589206699693995e-06,0.0,0.0,0.0,0.0,0.0,0.0,0.0,0.0,0.0,0.0,0.0,0.0037664081553889436,0.1439965985348177,0.0,0.0,0.0,0.0,0.0,5.822322032905552e-05,0.12094951739170043,0.0,0.0,6.587169326001644,0.0,0.0,0.0,0.0,0.0,0.0,0.0,0.0,0.0,0.0,0.0,0.0,0.0,0.0,0.0,0.0,0.0,0.0,0.0,0.0
519,0.0,0.0,0.0,0.0,0.0,0.5410547641868764,0.0,0.0,0.0,0.0,0.0,0.0,0.0,0.0,0.0,0.0,0.0,0.0,0.0,0.0,0.0,0.0,0.0,0.0,0.0,0.0,0.0,0.0,0.0,0.0,0.0,0.0,0.0,0.0,0.0,0.0,0.0,0.0,0.0,0.0,0.0,0.0,0.0,0.0,0.0,0.0,0.0,0.0,0.0,0.0,0.0,0.0,0.0,0.0,0.0,0.0,0.0,0.0,0.0,0.0,0.0,0.0,0.0,0.0,0.0,0.0,0.0,0.0,0.0,0.0,0.09751166328984939,0.0,0.0,0.0,0.0,0.0,0.0,0.0,0.0,0.0,0.0,0.42544052738408694,0.0,0.0,0.0,0.0,0.0,0.0,0.0,0.0,0.0,0.0,0.0,0.0,0.0,0.0,0.0,0.0,0.0,0.0
160,0.0,0.0,0.0,0.0,0.0,0.0,0.35468126742303485,0.0,0.0,0.0,0.0,0.0,0.5768014075333331,0.0,0.0,0.0,0.0,0.0,0.0,0.0,0.0,0.0,0.0,0.0,0.0,0.0,0.0,0.0,0.0,0.0,0.0,0.0,0.0,0.0,0.0,0.0,0.0,0.0,0.0,0.0,0.0,0.0,0.0,0.0,0.0,0.0,0.0,0.0,0.0,0.0,0.0,0.0,0.0,0.0,0.0,0.0,0.0,0.0,0.0,0.0,0.0,0.0,0.0,0.0,0.0,0.0,0.0,0.0,0.0,0.0,0.0,0.0,0.0,0.0,0.0,0.0,0.0,0.0,0.0,0.0,0.0,0.0,0.0,0.0,0.0,0.0,0.0,0.0,0.0,0.0,0.0,0.0,0.0,0.0,0.0,0.0,0.0,0.0,0.0,0.0
290,0.0,0.0,0.0,0.0,0.0,0.0,0.0,0.0,0.0,0.2794936947536764,0.0,0.0,0.0,0.0,1.3546882526795351e-05,0.0,0.0,0.0,0.0,0.0,0.0,0.0,0.0,4.2972113272348154e-05,0.11841380071192259,0.0,0.0,0.0,0.0,0.0,0.0,0.0018411456575308843,0.0,0.0,0.0,0.0,0.0,1.715381969765518e-06,0.0,0.0,0.0,0.0,0.0,0.0,0.0,0.0,0.0,0.0,0.0,0.0,0.0,0.0,0.0,0.0,0.0,0.0,0.0,0.0,0.0002697564030017902,0.0,0.0,0.0,0.00013622531894460734,0.0,0.0,0.06389185252582637,0.0,0.0,0.0,2.8327050971241362e-06,3.5395740975116814e-08,0.0,0.0,0.02705956050497471,0.0,0.0,0.015759904731642668,0.0,0.0,0.0,0.0,0.0,0.0,0.0,0.0,0.0,0.0,0.0,0.0,0.0,0.0,0.0,0.0,0.0,0.0,0.0,0.0,0.0,0.0,0.0
34,0.0,0.0,0.0,0.0,0.20268305250801177,0.0,0.0,0.0,0.0,0.0,0.0,0.0,0.0,0.0,0.0,0.0,0.0,0.0,0.0,0.0,0.0,0.0,0.0,0.0,0.0,0.0,0.0,0.0,0.0,0.0,0.0,0.0,0.0,0.0,0.0,0.0,0.0,0.4680346998955283,0.0,0.0,0.0,0.0,0.0,0.0,0.0,0.20825643255424903,0.0,0.0,0.0,0.0,0.0,0.0,0.0,0.0,0.0,0.0,0.0,0.0,0.0,0.0,0.0,0.0,0.0,0.0,0.0,0.0,0.0,0.0,0.0,0.0,0.0,0.0,0.0,0.0,0.0,0.0,0.06022921455664685,0.0,0.0,0.0,0.0,0.0,0.0,0.0,0.0,0.0,0.0,0.0,0.0,0.0,0.0,0.0,0.0,0.0,0.0,0.0,0.0,0.0,0.0,0.0
225,0.0,0.0,0.0,0.0,0.0,4.5952581805320457e-05,0.0,0.0,0.0,8.56371128139373e-06,0.0,0.6320086245637904,0.0,0.0,0.0,0.0,0.0,0.0,0.0,0.09164985337729549,0.0,0.0,0.0,0.0,0.0,0.0,0.0,0.0,0.0,5.438740455710392e-05,0.0,0.0,0.0,0.0,0.0,0.0,0.0,0.0,0.0,0.0,0.0,0.0,0.0,0.0,0.0,0.0,0.0,0.0,0.0,0.0,0.0,0.0,0.0,0.0,0.0,0.0,0.0,7.88669337401415e-05,0.0,0.0,0.0024915328349122776,0.0,0.0,0.0,0.0,0.0,0.0,0.0,0.0,0.0,0.0,0.0,0.0,0.0,0.007467703938902362,0.0,0.0,0.0,7.0869306212826946e-06,0.0,0.0,0.0,0.0,0.0,0.0,0.0,0.0,0.0,0.0,0.0,0.0,0.0,0.0,0.0,0.0,0.0,0.0,0.0,0.0,0.0
521,0.0,0.011033014996274413,0.0,0.0,0.0,0.0,0.0,0.0,0.0,0.0,0.0,0.0,0.0,0.00567038818004733,0.0,0.0,0.0,0.0,0.0,0.0,0.0,0.0,0.0,0.0,0.0,0.0,0.0,0.0,0.0,0.0,0.0,0.0,0.0,0.0,0.0,0.438852259523653,0.0,0.0,0.0,0.0,0.00674332240807305,0.0,0.0,0.0,0.0,6.596754415163e-312,0.0,0.0,0.0,0.0,0.0,0.0,0.0,0.0,0.0,4.363981009119005e-08,2.190190565199623e-08,0.0,0.0,0.0,0.0,0.0,0.0,0.0,0.0,0.0,0.0,0.0,0.0,0.0,0.0,0.0,0.0,0.0,0.0,0.0,0.0,1.1824117311390786e-06,0.0,0.0,0.0,0.0,0.0,0.0,0.0,0.0,0.0,0.0,0.0,0.0,0.0,0.0,0.0,0.0,0.0,0.0,0.0,0.0,0.0,0.0
395,4.5613353482206655e-07,0.0,0.0,0.0,0.0,0.0,0.0,0.0,1.8583679358762724e-08,0.0,0.0,0.0,1.936703907453396e-12,0.0,0.0,0.0,0.0,0.0,5.199155066349529e-08,0.000321366314201149,0.0,0.0,0.0,0.0,0.0,0.0,0.0,0.0,0.0,0.0,0.0,0.0,0.0,0.6476684824388828,0.0,0.0,0.0,0.0,1.0584524575691116e-07,0.0,0.0005634077912443514,0.0,0.0,6.62919888729968e-07,0.0,0.0,2.8493827946186424e-08,1.2266556667111194e-07,0.0,0.0,0.0,0.0,0.0,0.0,1.245133003417158e-06,0.0,2.4534426359057197e-07,0.0,0.0,0.0,0.0,5.337425062073851e-07,0.0,0.0,0.0,0.0,0.0,0.0,3.955947224112092e-07,0.0,0.0,0.0,0.0,0.0,0.0,0.0,0.0,0.0,0.0,0.0,0.0,0.0,0.0,0.0,0.0,0.0,0.0,0.0,0.0,0.0,0.0,0.0,0.0,0.0,0.0,0.0,0.0,0.0,0.0,0.0
512,2.8293782254779986e-05,0.0,0.0,0.0,4.86489341894579e-09,0.0,2.777070192209112e-05,0.0,0.0,0.0,0.0,0.0,0.0,0.0,0.0,0.0,0.0,9.448897567779617e-06,3.936827296190747e-06,0.0,0.0,1.0164181096178987e-05,3.3234354984987085e-05,0.0,0.0,0.0,7.536800491113048e-05,0.0,0.0,5.59456774557482e-06,0.0,0.0,0.0,0.0,0.6555072889161657,0.0,0.0,0.0,0.0,0.0,0.0,0.0,5.458950766284479e-06,0.0,2.6970184915416476e-05,0.0,2.372603509850577e-05,0.0,0.0,0.0,0.0,0.0,1.4982829541735914e-05,2.003044899579919e-05,0.0,8.128262800603663e-05,0.0,0.0,0.0,0.0,0.0,2.455007237164691e-05,0.0,0.03898571650413555,0.0,0.0,0.0,0.22499675118447363,0.0,0.0,0.0,4.469817514899776e-06,0.0,0.0,0.0,0.0,0.0,0.0,0.0,0.0,0.0,3.7189707074285187e-07,0.0,0.0,0.0,0.0,0.0,0.0,0.0,0.0,0.0,0.0,0.0,0.0,0.0,0.0,0.0,0.0,0.0,0.0
372,4.655923613087669e-06,0.027945064627609543,0.0,0.0,0.0,0.0,0.0,0.0,2.2070821862509958e-07,0.007633053855058315,0.0,0.0,1.2883707596311025e-08,0.0,0.0,0.0,0.0,0.0,5.25939041443464e-07,0.003441690364369459,0.0,0.0,0.0,0.0,0.0,0.0,0.0,0.0,0.0,0.0,0.0,0.6661444768154223,0.0,0.0,0.0,0.0,0.0,0.0,0.0,0.0,0.0,0.0,0.0,7.849008620153803e-06,0.0,0.0,0.0,1.6106953221095492e-06,0.0,0.0,0.0,0.0,0.0,0.0,1.474193298506783e-05,0.0,3.1578353361598274e-06,0.0,0.0,0.0,0.0,5.604058779990165e-06,0.0,0.0,0.0,0.0,0.0,0.0,3.812655667795336e-06,0.0,0.0,0.0,0.0,0.0,0.0,6.433212230503912e-05,0.0,0.0,0.0,0.0,0.0,0.0,0.0,0.0,0.0,0.0,0.0,0.0,0.0,0.0,0.0,0.0,0.0,0.0,0.0,0.0,0.0,0.0,0.0,0.0
233,0.0,0.0,0.0,0.512002403792609,0.0,0.0,0.0,0.0,0.0,0.0,0.0,0.0,0.0,0.0,0.0,0.0,0.0,0.0,0.0,0.0,0.0,0.0,0.0,0.0,0.0,0.0,0.0,0.0,0.0,0.0,0.0,0.0,0.0,0.0,0.0,0.0,0.0,0.0,0.0,0.0,0.0,0.0,0.0,0.0,0.0,0.0,0.0,0.0,0.0,0.0,0.0,0.0,0.0,0.0,0.0,0.0,0.0,0.0,0.0,0.0,0.0,0.0,0.0,0.0,0.0,0.0,0.0,0.0,0.0,0.0,0.0,0.0,0.0,0.0,0.0,0.0,0.0,0.0,0.0,0.0,0.0,0.0,0.0,0.0,0.0,0.0,0.0,0.0,0.0,0.0,0.0,0.0,0.0,0.0,0.0,0.0,0.0,0.0,0.0,0.0
265,0.0,0.0,0.0,0.512002403792609,0.0,0.0,0.0,0.0,0.0,0.0,0.0,0.0,0.0,0.0,0.0,0.0,0.0,0.0,0.0,0.0,0.0,0.0,0.0,0.0,0.0,0.0,0.0,0.0,0.0,0.0,0.0,0.0,0.0,0.0,0.0,0.0,0.0,0.0,0.0,0.0,0.0,0.0,0.0,0.0,0.0,0.0,0.0,0.0,0.0,0.0,0.0,0.0,0.0,0.0,0.0,0.0,0.0,0.0,0.0,0.0,0.0,0.0,0.0,0.0,0.0,0.0,0.0,0.0,0.0,0.0,0.0,0.0,0.0,0.0,0.0,0.0,0.0,0.0,0.0,0.0,0.0,0.0,0.0,0.0,0.0,0.0,0.0,0.0,0.0,0.0,0.0,0.0,0.0,0.0,0.0,0.0,0.0,0.0,0.0,0.0
566,0.0,0.0,0.0,0.0,0.0,0.0,0.0,0.0,0.0,0.0,0.0,0.0,0.0,0.01472647551445835,0.5672206693326673,0.0,0.0,0.0,0.0,1.871811878248177e-09,0.0,0.0,0.0,0.0,0.0,0.0,0.0,0.0,0.015533512213240907,0.0,0.0,0.0,0.0,0.0,0.0,0.0,0.0,0.0,0.0,0.0,0.0,0.0,0.0,0.0,0.0,0.0,0.0,0.0,0.0,0.0,0.0,0.0,0.0,0.0,0.0,0.0,0.0,0.0,0.0,0.0,0.0,0.0,0.0,0.0,0.0,0.0,0.0,0.0,0.0,0.0,0.0,0.0,0.0,0.0,0.0,0.0,1.776949921603e-10,0.0,0.0,0.0,0.0,0.0,0.0,0.0,0.0,0.0,0.0,0.0,0.0,0.0,0.0,0.0,0.0,0.0,0.0,0.0,0.0,0.0,0.0,0.0
176,0.0,0.0,0.0,0.0,0.0,0.0,0.0,0.0,0.0,0.0,0.0,0.0,0.0,0.0,0.0,2.6644807257784326e-08,0.0,0.0,0.0,0.0,0.0,0.0,0.0,0.0,0.0,0.0,0.0,0.0,0.0,0.0,0.0,0.0,0.0,0.0,0.0,0.0,0.0,0.0,0.0,0.0,0.3101583171996098,0.0,2.9775618150659516e-07,0.0,0.0,0.0,0.0,3.636991983469413e-07,0.0,0.0,0.0,0.0,0.0,0.0,0.0,0.0,0.0,1.096583943349291e-06,0.0,0.0,0.0,0.0,0.0,0.0,0.0,0.0,0.0,0.0,0.0,0.0007519756319908074,0.0,0.0,0.0,0.0,0.0,0.0,0.0,0.9727504018779195,0.0,0.0,0.0,0.0,0.0,0.0,0.0,0.0,0.0,0.0,0.0,0.0,0.0,0.0,0.0,0.0,0.0,0.0,0.0,0.0,0.0,0.0
165,0.0,0.0,0.0,0.5096823573610871,0.0,0.0,0.0,0.0,0.0,0.0,0.0,0.0,0.0,0.0,0.0,0.0,0.0,0.0,0.0,0.0,0.0,0.0,0.0,0.0,0.0,0.0,0.0,0.0,0.0,0.0,0.0,0.0,0.0,0.0,0.0,0.0,0.0,0.0,0.0,0.0,0.0,0.0,0.0,0.0,0.0,0.0,0.0,0.0,0.0,0.0,0.0,0.0,0.0,0.0,0.0,0.0,0.0,0.0,0.0,0.0,0.0,0.0,0.0,0.0,0.0,0.0,0.0,0.0,0.0,0.0,0.0,0.0,0.0,0.0,0.0,0.0,0.0,0.0,0.0,0.0,0.0,0.0,0.0,0.0,0.0,0.0,0.0,0.0,0.0,0.0,0.0,0.0,0.0,0.0,0.0,0.0,0.0,0.0,0.0,0.0
60,0.0,0.0,0.0,0.5096823573610871,0.0,0.0,0.0,0.0,0.0,0.0,0.0,0.0,0.0,0.0,0.0,0.0,0.0,0.0,0.0,0.0,0.0,0.0,0.0,0.0,0.0,0.0,0.0,0.0,0.0,0.0,0.0,0.0,0.0,0.0,0.0,0.0,0.0,0.0,0.0,0.0,0.0,0.0,0.0,0.0,0.0,0.0,0.0,0.0,0.0,0.0,0.0,0.0,0.0,0.0,0.0,0.0,0.0,0.0,0.0,0.0,0.0,0.0,0.0,0.0,0.0,0.0,0.0,0.0,0.0,0.0,0.0,0.0,0.0,0.0,0.0,0.0,0.0,0.0,0.0,0.0,0.0,0.0,0.0,0.0,0.0,0.0,0.0,0.0,0.0,0.0,0.0,0.0,0.0,0.0,0.0,0.0,0.0,0.0,0.0,0.0
389,0.0,0.0,0.0,0.5084383349862075,0.0,0.0,0.0,0.0,0.0,0.0,0.0,0.0,0.0,0.0,0.0,0.0,0.0,0.0,0.0,0.0,0.0,0.0,0.0,0.0,0.0,0.0,0.0,0.0,0.0,0.0,0.0,0.0,0.0,0.0,0.0,0.0,0.0,0.0,0.0,0.0,0.0,0.0,0.0,0.0,0.0,0.0,0.0,0.0,0.0,0.0,0.0,0.0,0.0,0.0,0.0,0.0,0.0,0.0,0.0,0.0,0.0,0.0,0.0,0.0,0.0,0.0,0.0,0.0,0.0,0.0,0.0,0.0,0.0,0.0,0.0,0.0,0.0,0.0,0.0,0.0,0.0,0.0,0.0,0.0,0.0,0.0,0.0,0.0,0.0,0.0,0.0,0.0,0.0,0.0,0.0,0.0,0.0,0.0,0.0,0.0
526,0.0,0.0,0.11019388284093726,0.0,0.0,0.0,0.0,0.013229270529288076,0.0,0.0,0.003942374433115548,0.0,0.0,0.0,0.554144879813699,0.0,0.0,0.0,0.0,0.0,0.0,0.0,0.01042803133859471,0.03756192327982638,0.0,0.0,0.0,0.001544723983262566,0.0,0.0,0.0,0.0,0.0,0.0009655347168080522,0.0,0.0005307674447446219,0.001068575168331216,0.0,0.0,0.0,0.0,0.0,0.0,0.0,0.0,0.0,0.0,0.0,0.0,0.0,0.0,0.0,0.0,0.0,0.0,0.0,0.0,0.0,0.00175267815578204,0.0,0.0,0.0,0.0004453381249033628,0.0,0.0,0.0,0.0,0.0,0.0,5.7675208080443696e-05,1.249197307635286e-06,0.0,0.0,0.025533675095734516,0.0,0.0,0.0,0.0,0.0,0.0,1.705033282677899,0.0,0.0,0.0,0.0,0.0,0.0,0.0,0.0,0.0,0.0,0.0,0.0,0.0,0.0,0.0,0.0,0.0,0.0,0.0
55,0.0,0.0,0.4462503084817659,0.0,2.8931811477541133e-09,0.0,1.647363385640564e-05,0.0,0.0,0.0,0.0,0.0,0.0,0.0,0.0,0.0,0.0,0.0,1.285551557629663e-06,0.0,0.0,6.040001256117025e-06,0.0,0.0,0.0,0.0,6.777883536988295e-06,0.0,0.0,0.0,0.0,0.0,0.0,0.0,0.0,0.0,0.0,0.0,0.0,0.0,0.0,0.0,0.0,0.0,1.6801055122344478e-05,0.0,0.0,0.0,0.0,0.0,0.0,4.7941166384360746e-06,5.327079421166059e-06,1.2464635675293314e-05,0.0,5.0702467604736267e-05,0.0,0.0,0.0,0.0,0.0,0.0,0.0,0.24521510131294053,0.0,0.5271878080206366,0.0,0.0,0.0,0.0,0.0,0.1704217280024734,0.0,0.0,0.0,0.0,0.15247953923764884,0.0,0.0,0.0,0.0,2.1586203730568877e-06,0.0,0.0,0.0,0.0,0.0,0.0,0.0,0.0,0.0,0.0,0.0,0.0,0.0,0.0,0.0,0.0,0.0,0.0
15,0.0,0.0,0.0,0.0,0.0,0.0,0.0,0.0,0.0,0.0,0.0,0.0,0.0,0.0,0.0,0.0,0.0,0.0,0.0,0.0,0.0,0.0,0.0,0.0,0.0,0.0,0.0,0.0,0.0,0.0,0.0,0.0,0.0,0.0,0.0,0.0,0.0,0.0,0.0,0.0,0.0,0.0,0.0,0.45319833100911505,0.0,0.0,0.0,0.0,0.0,0.0,0.0,0.0,0.0,0.0,0.0,0.0,0.0,0.0,0.0,0.0,0.0,0.0,0.0,0.0,0.0,0.0,0.0,0.0,0.0,0.0,0.0,0.0,0.0,0.0,0.0,0.0,0.0,0.0,0.0,0.0,0.0,0.0,0.0,0.0,0.0,0.0,0.0,0.0,0.0,0.0,0.0,0.0,0.0,0.0,0.0,0.0,0.0,0.0,0.0,0.0
504,0.0,0.007531227086805521,0.0,0.0,0.0,0.0,0.0,0.0,4.159106015560159e-08,0.0,0.0,0.0,0.0,0.0,0.0,0.0,0.0,0.0,3.851682595034238e-08,0.0006570075196172966,0.0,0.0,0.0,0.0,0.0,2.649434184636485e-05,0.0,0.0,0.0,3.112785788283588e-06,0.0,0.0,0.0,1.789689351432195e-08,0.0,0.0,0.0,0.0,0.5227676457763772,0.0,0.0,0.0,0.0,1.3808713684809302e-06,0.0,0.0,0.0,2.543402369443469e-07,0.0,0.0,0.0,0.0,0.0,0.0,2.5929632819911e-06,0.0,1.580697794618591e-07,4.206532347226552e-06,0.0,0.0,0.0,4.86032798049714e-07,0.0,0.0,0.0,0.0,0.0,0.0,0.0,0.0,0.0,0.0,9.194111617670573e-07,1.099275405142372e-06,0.0052933868718248525,1.100951204606198e-05,0.0,0.0,0.0,0.0,0.0,0.0,0.0,0.0,0.0,0.0,0.0,0.0,0.0,0.0,0.0,0.0,0.0,0.0,0.0,0.0,0.0,0.0,0.0,0.0
298,0.0,0.0,0.0,0.48844135724511706,0.0,0.0,0.0,0.0,0.0,0.0,0.0,0.0,0.0,0.0,0.0,0.0,0.0,0.0,0.0,0.0,0.0,0.0,0.0,0.0,0.0,0.0,0.0,0.0,0.0,0.0,0.0,0.0,0.0,0.0,0.0,0.0,0.0,0.0,0.0,0.0,0.0,0.0,0.0,0.0,0.0,0.0,0.0,0.0,0.0,0.0,0.0,0.0,0.0,0.0,0.0,0.0,0.0,0.0,0.0,0.0,0.0,0.0,0.0,0.0,0.0,0.0,0.0,0.0,0.0,0.0,0.0,0.0,0.0,0.0,0.0,0.0,0.0,0.0,0.0,0.0,0.0,0.0,0.0,0.0,0.0,0.0,0.0,0.0,0.0,0.0,0.0,0.0,0.0,0.0,0.0,0.0,0.0,0.0,0.0,0.0
51,1.7538443608848217e-05,0.0,0.0,0.0,3.00976333007198e-09,0.0,1.7180864965995603e-05,0.0,0.0,0.0,0.0,0.0,0.0,0.0,0.0,0.0,0.0,0.4072945947886981,2.35429610514835e-06,0.0,0.0,6.091110010397376e-06,1.9916517983758422e-05,0.0,0.0,0.0,4.433383744692996e-05,0.0,0.0,3.3507366585604094e-06,0.0,0.0,0.0,0.0,1.3597698448812997e-05,0.0,0.0,0.0,0.0,0.0,0.0,0.0,3.4595782615529644e-06,0.0,1.7092252796361526e-05,0.0,1.5058401761036358e-05,0.0,0.0,0.0,0.0,0.0,9.49527453086514e-06,1.2694122400434351e-05,0.0,5.1519361404299126e-05,0.0,0.0,0.0,0.0,0.0,1.5581115646511033e-05,0.0,0.023688111835471468,0.0,0.0,0.0,0.13891030129434975,0.0,0.0,0.0,2.6544198253328545e-06,0.0,0.0,0.0,0.0,0.0,0.0,0.0,0.0,0.0,2.2178599323914493e-07,0.0,0.0,0.0,0.0,0.0,0.0,0.0,0.0,0.0,0.0,0.0,0.0,0.0,0.0,0.0,0.0,0.0,0.0
433,0.0,0.0,0.0,0.0,5.940177235769018e-10,0.0,3.587479259699319e-06,0.0,0.0,0.0,0.0,0.0,0.0,0.0,0.0,0.0,0.0,8.046329515671059e-07,5.083985572213486e-07,0.0,1.1694204112990116e-05,1.312453334051281e-06,4.287905887701105e-06,0.0,0.0,0.0,9.143397997302162e-06,0.0,0.0,0.0,0.0,0.0,0.0,0.0,2.224918155915651e-06,0.0,0.0,0.0,0.0,0.0,0.0,0.5484815389104057,7.406905854582165e-07,0.0,3.679083067969619e-06,0.0,3.4387386226651855e-06,0.0,1.0824691312160133e-06,1.0913900322017457e-09,0.0,2.684780357526543e-08,1.9901719692176306e-06,2.7275315096207663e-06,0.0,0.0036463453488960293,0.0,0.0,0.0,0.0,0.0,2.153919155838354e-06,0.0,0.0,7.687520334529897e-07,0.0,4.222390985916934e-08,0.0,0.0,0.0,0.0,3.945875877979444e-06,0.0,0.0,0.0,0.0,0.0,0.0,4.7322137008481684e-08,0.0,0.0,2.8804369229332754e-07,0.0,0.0,0.0,0.0,0.0,0.0,0.0,0.0,0.0,0.0,0.0,0.0,0.0,0.0,0.0,0.0,0.0,0.0
439,0.0,0.0,0.0,0.0,0.0,0.4849248220147422,0.0,0.04416038875876499,0.0,0.0,0.0,0.0,0.0,0.00025399942312686577,0.0,0.0,0.0,0.0,0.0,0.0,0.0,0.0,0.0,0.00011501731274692105,0.0,0.0,0.0,0.0,0.0,0.0,0.0,0.0,0.0,0.0,0.0,0.0,0.0,0.0,0.005509498694284834,0.0026012783586552286,0.0,0.0,0.010742730061428464,0.0,0.0,0.0,0.0,0.0,0.0,0.0,0.0,0.0,0.0,0.0,0.0,0.0,0.0,0.0,0.0,0.0,0.005640067240126417,0.0,0.0,0.0,0.0,0.0033977935709215094,0.06678530908654717,0.0,0.0,0.0,0.0,0.0,0.0,0.0,0.0,0.0,0.0,0.0,0.0,0.0,0.04270349889934955,0.0,0.0,0.0,0.0,0.0,0.0,0.0,0.0,0.0,0.0,0.0,0.0,0.0,0.0,0.0,0.0,0.0,0.0,0.0
100,0.0,0.0,0.0,0.0,0.0,0.0,0.0,0.0077326594681877865,0.0,0.0,0.0,0.0,0.0,0.0,0.0,8.886098601672408e-09,0.0,0.0,0.0,0.0,0.0,0.0,0.0,0.0,0.0,0.0,0.0,0.0,0.0,0.0,0.0,0.0,0.0,0.0,0.0,0.0,3.0605598966800294e-13,0.0,0.0,0.0,0.09060226582098059,0.0,0.0,0.0,0.0,0.0,0.0,0.48171604828235337,0.0,0.0,0.0,0.0,1.3078048658507136e-07,0.0,0.0,0.0,7.737512731668244e-09,3.116184263531271e-07,0.0,0.0,0.0,0.0,0.0,0.0,0.0,0.0,0.0,0.0,0.0,0.0,0.0,0.0,0.0,0.0,0.0,0.0,0.0,1.766131570990643e-05,0.0,0.0,0.0,0.0,0.0,0.0,0.0,0.0,0.0,0.0,0.0,0.0,0.0,0.0,0.0,0.0,0.0,0.0,0.0,0.0,0.0,0.0
322,0.0,0.0,0.0,0.0,1.9212254911280282e-09,0.0,1.286491146071139e-05,0.0,0.0,0.0,0.0,0.0,0.0,0.0,0.0,0.0,0.0,2.0351106763965283e-06,9.946478748187378e-07,0.0,0.0,4.7080260079659924e-06,1.5318316639980313e-05,0.0,0.0,0.0,3.104928642392985e-05,0.0,0.0,0.0,0.0,0.0,0.0,0.0,5.578225220792384e-06,0.0,0.0,0.0,0.0,0.0,0.0,0.0,2.594715399097285e-06,0.0,1.2863433702335112e-05,0.0,4.2020571452508325e-06,0.0,0.0,7.213080674724534e-08,0.0,1.9291888356593496e-07,4.810571153352882e-06,9.447680118436827e-06,0.0,3.135274186242713e-05,0.0,0.0,0.0,0.0,0.0,0.0,0.0,0.5544384836497918,2.1564302542400456e-05,0.0,0.0,0.0,0.0,0.0,0.31082938557362766,6.656874450919615e-05,0.0,0.0,0.21610941216743423,0.0,0.0,0.0,9.053751993481383e-07,0.0,0.0,4.476185987759694,0.0,0.0,0.0,0.0,0.0,0.0,0.0,0.0,0.0,0.0,0.0,0.0,0.0,0.0,0.0,0.0,0.0,0.0
555,0.0,0.0,0.000647452434603714,0.0,0.0,0.0,0.0,0.0,0.0,0.0,0.0,0.0,2.1524505576767453e-11,0.0,6.490949340820044e-08,1.0253160529551016e-06,0.0,0.0,0.0,0.0,0.0,0.0,7.105741980658418e-06,0.0,5.927187963789792e-07,0.0,0.0,1.066123425137281e-06,0.0,0.0,0.0,0.0,0.0,6.78795745976617e-09,0.0,4.730169030305317e-07,0.0,2.6725081589882155e-06,0.0,0.414475682444413,0.0025736438932435165,0.0,0.0,0.0,0.0,0.0,0.0,0.0,0.0,0.0,0.0,5.65920975448887e-06,0.0,0.0,0.0,0.0,0.0,0.0,0.0,0.0,0.0,0.0,1.1656066467648912e-06,0.0,0.0,0.0,0.0,0.0,0.0,0.0,0.0010517689002650526,0.0,0.0,0.0,0.0,2.019983556697942e-06,0.004102924300298466,3.004955331068154e-08,0.0,0.0,0.0,0.00012805267395035594,0.0,0.0,0.0,0.0,0.0,0.0,0.0,0.0,0.0,0.0,0.0,0.0,0.0,0.0,0.0,0.0,0.0,0.0
59,2.462219283100898e-05,0.0,0.430796424227514,0.0,5.317721116972918e-09,0.0,3.0518976345699805e-05,0.0,0.0,0.0,0.0,0.0,0.0,0.0,0.0,0.0,0.0,1.0900567172833177e-05,4.343277276343627e-06,0.0,0.0,1.1168110208802962e-05,0.0,0.0,0.0,0.0,8.331589734130156e-05,0.0,0.0,0.0,0.0,0.0,0.0,0.0,2.8904567644007584e-05,0.0,0.0,0.0,0.0,0.0,0.0,0.0,0.0,0.0,3.12559819142506e-05,0.0,0.0,0.0,0.0,0.0,0.0,0.0,1.3486704816308138e-05,2.3184064287508473e-05,0.0,9.429518443481972e-05,0.0,0.0,0.0,0.0,0.0,3.0101008175910106e-05,0.0,0.10229466505578587,3.754359570604336e-06,0.23309932357113858,0.0,0.19971234083560327,0.0,0.0,0.0,1.2074566594727396e-05,0.0,0.0,0.0,0.0,0.06746594692845284,0.0,0.0,0.0,0.0,8.968822255472007e-07,0.0,0.0,0.0,0.0,0.0,0.0,0.0,0.0,0.0,0.0,0.0,0.0,0.0,0.0,0.0,0.0,0.0,0.0
30,0.0,0.051279961559968376,0.0,0.0,0.0,0.0,0.0,0.0,0.0,0.0,0.0,0.6624583410439838,0.0,0.0,0.0,0.0,0.0,0.0,0.0,0.0,0.0,0.0,0.0,0.0,0.0,0.0,0.0,0.0,0.0,0.0,0.0,0.0,0.0,0.0,0.0,0.0,0.0,0.0,0.0,0.0,0.0,0.0,0.0,0.0,0.0,0.0,0.0,0.0,0.0,0.0,0.0,0.0,0.0,0.0,0.0,0.0,0.0,0.0,0.0,0.0,0.0,0.0,0.0,0.0,0.0,0.0,0.0,0.0,0.0,0.0,0.0,0.0,0.0,0.0,0.042325161895608684,0.0,0.0,0.0,0.0,0.0,0.0,0.0,0.0,0.0,0.0,0.0,0.0,0.0,0.0,0.0,0.0,0.0,0.0,0.0,0.0,0.0,0.0,0.0,0.0,0.0
532,0.0,0.0,0.0,0.0,0.0,0.0,0.0,0.0,2.890187705773958e-07,0.038765177302330096,0.0,0.0,0.502146151491085,0.0,0.04355150227255961,0.0,0.0,0.0,1.4047994136846547e-07,0.020976496608413997,0.0,0.0,0.0,0.0,0.0,0.0,0.0,0.0,0.0,0.0,0.0,0.0,0.0,0.0,0.0,0.0,0.0,0.0,7.075754400718755e-06,0.0,0.025607076991955354,0.0,0.0,4.499121420123112e-05,0.0,0.0,5.859991387217164e-06,1.048409114459877e-05,0.0,0.0,0.0,0.0,0.0,0.0,8.480835283433655e-05,0.0,1.6730509765296148e-05,2.9073206469707233e-06,0.0,0.0,0.0,4.037988656606411e-05,0.0,0.0,0.0,0.0,0.0,0.0,6.265332689481525e-05,0.0,0.0,0.0,0.0,0.0,0.0,0.0,0.023117889253415968,0.00011446581602960688,0.0,0.0,0.0,0.0,0.0,0.0,0.0,0.0,0.0,0.0,0.0,0.0,0.0,0.0,0.0,0.0,0.0,0.0,0.0,0.0,0.0,0.0
45,0.48818921455588826,0.0,0.0,0.0,8.680864967052301e-09,0.0,5.159227911394751e-05,0.0,3.1405284748154923e-07,0.0,0.0,0.0,0.0,0.0,0.0,0.0,0.0,2.455028206615425e-06,8.56382109167681e-06,0.0028275909473147592,0.0,1.8847435996542036e-05,5.189240774186322e-05,0.0,0.0,2.5656501553824186e-15,0.00012966021496560668,0.0,0.0,1.0144110200412126e-05,0.0,0.0,0.0,0.0,3.048891978059988e-05,0.0,0.0,0.0,0.0,0.0,0.0,0.0,9.541296992802883e-06,5.7863143687502785e-06,5.2029221630139025e-05,0.0,0.0,0.0,0.0,6.4280884406127275e-06,0.0,3.2754518414289466e-07,2.8848307373986346e-05,3.846371938592366e-05,1.082591469462034e-05,0.00015268618177211125,0.0,0.0,0.0,0.0,0.0,6.436035474301735e-05,0.0,0.06815924570798482,3.28370125285278e-05,0.0,0.0,0.0,0.0,0.020043186695406365,0.0,0.00011715271924464024,0.0,0.0,0.0,5.732744320907305e-05,0.0,7.730414006881616e-05,0.0,0.125441295332681,0.00025539357528795765,7.1895172588480435e-06,0.0,0.0,0.0,0.0,0.0,0.0,0.0,0.0,0.0,0.0,0.0,0.0,0.0,0.0,0.0,0.0,0.0,0.0
419,3.831384966670048e-05,0.0,0.0,0.0,0.22309195878993762,0.0,3.816777927445561e-05,0.0,0.0,0.0,0.0,0.0,0.0,0.0,0.0,0.0,0.0,1.30019225549688e-05,5.401872337872653e-06,0.0,0.0,1.3969983011737785e-05,4.5680170717893824e-05,0.0,0.0,0.0,0.00010362934967046449,0.0,0.0,7.68671408937433e-06,0.0,0.0,0.0,0.0,3.4763267286658775e-05,0.0,0.0,0.0,0.0,0.0,0.0,0.0,7.93704835143723e-06,0.0,3.9214791667104946e-05,0.0,3.4644559053724133e-05,0.0,0.0,0.0,0.0,0.0,2.178608581455385e-05,2.9126601063074497e-05,0.0,0.00011817714464099603,0.0,0.0,0.0,0.0,0.0,3.585903546748074e-05,0.0,0.057901055939060746,0.48160594794042794,0.0,0.0,0.30098212163253174,0.0,0.0,0.0,6.2136253834049906e-06,0.0,0.0,0.0,0.0,0.0,0.0,0.0,0.0,0.0,5.16012273749789e-07,0.0,0.0,0.0,0.0,0.0,0.0,0.0,0.0,0.0,0.0,0.0,0.0,0.0,0.0,0.0,0.0,0.0,0.0
28,1.2277186906218553e-05,0.0,0.0,0.0,2.026902578352809e-09,0.0,1.1543761347787938e-05,0.0,0.0,0.0,0.0,0.0,0.0,0.0,0.0,0.0,0.0,2.712330209470572e-06,1.6346985626056636e-06,0.0,0.0,4.2231352738360704e-06,0.7915600030610312,0.0,0.0,0.0,2.9569946757623963e-05,0.0,0.0,2.31366832487117e-06,0.0,0.0,0.0,0.0,7.44335264998364e-06,0.0,0.0,0.0,0.0,0.0,0.0,0.0,2.3866498605396483e-06,0.0,1.1785397225725867e-05,0.0,1.075732450150137e-05,0.0,0.0,0.0,0.0,4.7748299058523026e-08,6.478043317781564e-06,8.73311605687834e-06,0.0,3.5400440729032554e-05,0.0,0.0,0.0,0.0,0.0,1.0666361016098649e-05,0.0,0.011759702034170405,0.0,0.0,0.0,0.0,0.0,0.0,0.0,1.129679833964766e-06,0.0,0.0,0.0,0.0,0.0,0.0,0.0,0.0,0.0,1.0254602199078507e-07,0.0,0.0,0.0,0.0,0.0,0.0,0.0,0.0,0.0,0.0,0.0,0.0,0.0,0.0,0.0,0.0,0.0,0.0
138,0.0,0.0,0.0,0.0,0.0,0.0,0.0,0.0,0.0,0.0,0.0,0.0,0.0,0.0,0.0,0.0,0.0,0.0,0.0,0.0,0.0,0.0,0.0,0.0,0.0,0.0,0.0,0.0,0.0,0.0,0.0,0.0,0.0,0.0,0.0,0.0,0.6086832246941395,0.0,0.0,0.0,0.0,0.0,0.0,0.0,0.0,0.0,0.0,0.0,0.0,0.0,0.0,0.0,0.0,0.0,0.0,0.0,0.0,0.0,0.0,0.0,0.0,0.0,0.0,0.0,0.0,0.0,0.0,0.0,0.0,0.0,0.0,0.0,0.0,0.0,0.0,0.0,0.0,0.0,0.0,0.0,0.0,0.0,0.0,0.0,0.0,0.0,0.0,0.0,0.0,0.0,0.0,0.0,0.0,0.0,0.0,0.0,0.0,0.0,0.0,0.0
57,7.454638825955392e-06,0.1342337004144592,0.4199106401339983,0.0,0.049347256428274554,0.0,7.832244417830998e-06,0.1023193141387313,5.28449348847096e-07,0.0,0.0,0.0,0.0,0.0,0.0,0.0,0.0,0.0,3.2038322354303604e-06,0.03939467713127994,0.0,2.8366103254353205e-06,0.0,0.0,0.0,0.0,0.0,0.0,0.0,0.0,0.0,1.2279658547929276e-05,0.0,0.0,0.0,0.0,0.0,0.0,0.0,0.0,0.0,0.0,0.0,8.131036238208905e-05,7.910320750845676e-06,0.0,0.0,1.6552698628987784e-05,0.0,0.0,0.0,2.6830760668155263e-06,6.836273335986073e-06,5.856816380698316e-06,0.0001532643259571153,2.363877350151161e-05,3.4244638797962666e-05,0.0,0.0,0.0,0.0,9.615520416298634e-05,0.0,0.15284997447473508,0.0,0.0,0.0,0.0,0.0,0.0,0.0,1.901957376107662e-05,2.6539680459812335e-05,0.0,0.0,0.000497292922532544,0.0,0.0,0.0,0.0,0.0,0.0,0.0,0.0,0.0,0.0,0.0,0.0,0.0,0.0,0.0,0.0,0.0,0.0,0.0,0.0,0.0,0.0,0.0,0.0
385,0.4803858508711417,0.0,0.0,0.0,8.542107402530513e-09,0.0,5.076761255997296e-05,0.0,3.090329320223831e-07,0.0,0.0,0.0,0.0,0.0,0.0,0.0,0.0,2.4157862951102517e-06,8.426934391772605e-06,0.0027823938805714944,0.0,1.8546172893574774e-05,5.106294384135526e-05,0.0,0.0,2.52464002928345e-15,0.0001275876869730479,0.0,0.0,9.981963682642916e-06,0.0,0.0,0.0,0.0,3.000157568878186e-05,0.0,0.0,0.0,0.0,0.0,0.0,0.0,9.388786023208498e-06,5.693824174239168e-06,5.119757085515747e-05,0.0,0.0,0.0,0.0,6.325339935724946e-06,0.0,3.223096031109935e-07,2.8387187325828763e-05,3.7848903691336946e-05,1.0652870008120123e-05,0.00015024559977954064,0.0,0.0,0.0,0.0,0.0,6.333159941625285e-05,0.0,0.06706976776197676,3.231213581384391e-05,0.0,0.0,0.0,0.0,0.019722810352541337,0.0,0.00011528011483702156,0.0,0.0,0.0,5.641110406203805e-05,0.0,7.606848737247849e-05,0.0,0.12343620382434084,0.0002513112873321759,7.07459784601314e-06,0.0,0.0,0.0,0.0,0.0,0.0,0.0,0.0,0.0,0.0,0.0,0.0,0.0,0.0,0.0,0.0,0.0,0.0
43,0.4803858508711417,0.0,0.0,0.0,8.542107402530513e-09,0.0,5.076761255997296e-05,0.0,3.090329320223831e-07,0.0,0.0,0.0,0.0,0.0,0.0,0.0,0.0,2.4157862951102517e-06,8.426934391772605e-06,0.0027823938805714944,0.0,1.8546172893574774e-05,5.106294384135526e-05,0.0,0.0,2.52464002928345e-15,0.0001275876869730479,0.0,0.0,9.981963682642916e-06,0.0,0.0,0.0,0.0,3.000157568878186e-05,0.0,0.0,0.0,0.0,0.0,0.0,0.0,9.388786023208498e-06,5.693824174239168e-06,5.119757085515747e-05,0.0,0.0,0.0,0.0,6.325339935724946e-06,0.0,3.223096031109935e-07,2.8387187325828763e-05,3.7848903691336946e-05,1.0652870008120123e-05,0.00015024559977954064,0.0,0.0,0.0,0.0,0.0,6.333159941625285e-05,0.0,0.06706976776197676,3.231213581384391e-05,0.0,0.0,0.0,0.0,0.019722810352541337,0.0,0.00011528011483702156,0.0,0.0,0.0,5.641110406203805e-05,0.0,7.606848737247849e-05,0.0,0.12343620382434084,0.0002513112873321759,7.07459784601314e-06,0.0,0.0,0.0,0.0,0.0,0.0,0.0,0.0,0.0,0.0,0.0,0.0,0.0,0.0,0.0,0.0,0.0,0.0
20,0.0,0.0,0.0,0.0,0.0,0.0,0.0,0.0,0.0,0.0,0.0,0.0,0.0,0.13059527975669105,0.0,0.0,0.0,0.0,0.0,0.0,0.0,0.0,0.0,0.0,0.0,0.0,0.0,0.0,0.0,2.493513414148708e-06,0.0,0.0,0.0,0.0,0.0,3.382195769081277e-06,0.0,0.0,0.0,0.0,0.0,0.0,0.0,0.0,0.0,0.0,0.0,0.0,0.0,0.0,0.0,0.0,0.0,0.0,0.0,0.7734685248300281,0.0,1.2125282018678911e-05,0.0,0.0,0.0,0.0,0.0,0.3833255306466751,1.5952967274719125e-05,0.0,0.0,0.0,0.0,0.0,0.0,4.5164361762420526e-05,0.0,0.0,0.6869954924443136,0.0,0.0,0.0,0.0,0.0,0.0,3.3436044017012e-06,0.0,0.0,0.0,0.0,0.0,0.0,0.0,0.0,0.0,0.0,0.0,0.0,0.0,0.0,0.0,0.0,0.0,0.0
264,0.0,0.0,0.0,0.0,0.0,0.0,0.0,0.0,0.0,0.0,0.0,0.0,0.0,0.0,0.0,0.0,0.0,0.0,0.0,0.0,0.0,0.881314200815999,0.0,0.0,0.0,0.0,0.0,0.0,0.0,0.0,0.0,0.0,0.0,0.0,0.0,0.0,0.0,0.0,0.0,0.0,0.0,0.0,0.0,0.0,0.0,0.0,0.0,0.0,0.0,0.0,0.0,0.0,0.0,0.0,0.0,0.0,0.0,0.0,0.0,0.0,0.0,0.0,0.0,0.0,0.0,0.0,0.0,0.0,0.0,0.0,0.0,0.0,0.0,0.0,0.0,0.0,0.0,0.0,0.0,0.0,0.0,0.0,0.0,0.0,0.0,0.0,0.0,0.0,0.0,0.0,0.0,0.0,0.0,0.0,0.0,0.0,0.0,0.0,0.0,0.0
429,0.0,0.0,0.0,0.0,0.0,0.0,0.0,0.0,0.0,0.0,0.0,0.0,0.0,0.0,0.0,0.0,0.0,0.0,0.0,0.0,0.0,0.0,0.0,0.0,0.0,0.7625653183365343,0.0,0.0,0.0,0.0,0.0,0.0,0.0,0.0,0.0,0.0,0.0,0.0,0.0,0.0,0.0,0.0,0.0,0.0,0.0,0.0,0.0,0.0,0.0,0.0,0.0,0.0,0.0,0.0,0.0,0.0,0.0,0.0,0.0,0.0,0.0,0.0,0.0,0.0,0.0,0.0,0.0,0.0,0.0,0.0,0.0,0.0,0.0,0.0,0.0,0.0,0.0,0.0,0.0,0.0,0.0,0.0,0.0,0.0,0.0,0.0,0.0,0.0,0.0,0.0,0.0,0.0,0.0,0.0,0.0,0.0,0.0,0.0,0.0,0.0
87,0.0,0.0,0.0,0.0,0.0,0.0,0.0,0.0,0.0,0.0,0.0,0.0,0.0,0.0,0.0,0.0,0.0,0.0,0.0,0.0,0.5811173525847414,0.0,0.0,0.0,0.0,0.0,0.0,0.0,0.0,0.0,0.0,0.0,0.0,0.0,0.0,0.0,0.0,0.0,0.0,0.0,0.0,0.0,0.0,0.0,0.0,0.0,0.0,0.0,0.0,0.0,0.0,0.0,0.0,0.0,0.0,0.00024023471960617313,0.0,0.0,0.0,0.0,0.0,0.0,0.0,0.0,0.0,0.0,0.0,0.0,0.0,0.0,0.0,0.0,0.0,0.0,0.0,0.0,0.0,0.0,0.0,0.0,0.0,0.0,0.0,0.0,0.0,0.0,0.0,0.0,0.0,0.0,0.0,0.0,0.0,0.0,0.0,0.0,0.0,0.0,0.0,0.0
37,1.5515618408845986e-06,0.0,0.0,0.0,0.0,0.0,6.727167057491284e-06,0.0,7.368767294734731e-07,0.0,0.0,0.0,0.0,0.0,0.0,0.0,0.0,0.0,3.865421262964326e-06,0.01055407408352122,0.0,2.437064617452005e-06,0.0,0.0,0.0,0.0,1.687522859664794e-05,0.0,0.0,4.564183513761853e-07,0.0,0.0,0.0,0.0,3.998309644771557e-06,0.0,0.0,7.669321031036925e-05,3.217791136790987e-06,8.118146846039927e-06,0.0,0.0,1.0404817010916302e-06,2.167414888892165e-05,6.770687565542006e-06,0.0,1.8746943199906612e-05,4.226276100361328e-06,0.0,1.0718693574011488e-06,0.0,0.0,3.2561953464584067e-06,4.993423761887288e-06,4.065980291634904e-05,2.0099137379384936e-05,8.235566735270402e-06,0.0,0.0,0.0,0.0,3.062473332223736e-05,0.0,0.13365468406299816,4.6674523071212635e-06,0.0,0.0,0.0,0.0,0.0,0.0,2.1908502492785125e-05,0.0,1.0517938907303443,0.0,1.3862143976721255e-05,0.04907694031436731,0.0,0.0,0.004971280224813985,0.0,0.0,0.0,0.0,0.0,0.0,0.0,0.0,0.0,0.0,0.0,0.0,0.0,0.0,0.0,0.0,0.0,0.0,0.0,0.0
565,0.0,0.0,0.0,0.0,0.0,0.0,0.0,0.0,0.0,0.0,0.0,0.0,0.0,0.0,0.0,0.0,0.0,0.0,0.0,0.0,0.0,0.0,0.0,0.0,0.0,0.0,0.0,0.0,0.0,0.0,0.0,0.0,7.081269529167015e-09,0.0,0.0,0.0,0.0,0.0,0.0,1.9659633804826018e-07,0.0,0.0,0.0,0.0,0.0,0.0,0.0,0.0,0.0,0.0,0.0,0.8436445990785046,0.0,0.0,0.0,0.0,0.0,0.0,0.0,0.0,0.0,0.0,0.0,0.0,0.0,0.0,0.0,0.0,0.0,0.0,0.0,0.0,0.0,0.0,0.0,0.0,0.0,0.0,0.0,0.0,0.0,0.0,0.0,0.0,0.0,0.0,0.0,0.0,0.0,0.0,0.0,0.0,0.0,0.0,0.0,0.0,0.0,0.0,0.0,0.0
50,3.3211546441014194e-05,0.0,0.0,0.0,0.1932073529433528,0.0,4.033717103141779e-05,0.0,0.0,0.0,0.0,0.0,0.0,0.0,0.0,0.0,0.0,3.681037559274053e-05,5.702140636870121e-06,0.0,0.0,1.4769396506547881e-05,4.8288536978985856e-05,0.0,0.0,0.0,0.00010939333289231909,0.0,0.0,8.122592856352587e-06,0.0,0.0,0.0,0.0,3.652096735024146e-05,0.0,0.0,0.0,0.0,0.0,0.0,0.0,8.385461993999255e-06,0.0,4.142702171026372e-05,0.0,3.657301133275238e-05,0.0,0.0,0.568120552041817,0.0,0.0,2.2821687551543857e-05,3.050764346782012e-05,0.0,0.00012376721135713117,0.0,0.0,0.0,0.0,0.0,3.7926011074402973e-05,0.0,0.12576386450788746,3.1529869527998213e-06,0.0,0.0,0.3360486536430662,0.0,0.0,0.0,1.457026071590305e-05,0.0,0.0,0.0,0.0,0.0,0.0,0.0,0.0,0.0,1.1164415861378863e-06,0.0,0.0,0.0,0.0,0.0,0.0,0.0,0.0,0.0,0.0,0.0,0.0,0.0,0.0,0.0,0.0,0.0,0.0
329,6.064904478395014e-05,0.0,0.0,0.0,0.0,0.0,8.403103350680532e-05,0.0,0.0,0.0,0.0,0.0,0.0,0.0,0.0,0.0,0.0,1.9492167153953015e-05,1.143762868458019e-05,0.0,0.0,3.076649327030445e-05,0.00010040577028801879,0.0,0.0,0.0,0.00021680494188627673,0.0,0.0,4.779873742471901e-05,0.0,0.0,0.0,0.0,5.473062215061623e-05,0.0,0.0,0.0003320432157063599,0.0,5.53404686702927e-06,0.0,0.0,1.731777625706086e-05,0.0,8.65842658389523e-05,0.0,0.0001457361002606066,0.0,0.0,1.3733207193867436e-07,0.0,0.0,4.8210071440720684e-05,6.448713009594996e-05,0.0,0.00026072756124105926,0.0,0.0,0.0,0.0,0.0,6.36227783185813e-05,0.0,0.21957922980216654,0.0,0.0,0.0,0.0,0.0,0.0,0.0,2.417340749228936e-05,0.0,0.00021498799798292344,0.0,0.0,0.12771871763856063,0.0,0.13151684333238084,0.0,0.0,0.0,0.0,0.0,0.0,0.0,0.0,0.0,0.0,0.0,0.0,0.0,0.0,0.0,0.0,0.0,0.0,0.0,0.0,0.0
381,0.4790119493716653,0.0,0.0,0.0,0.0,0.0,0.0,0.0,5.254729535064784e-07,0.0,0.0,0.0,0.0,0.0,0.0,0.0,0.0,0.0,0.0,0.00831515882169938,0.0,0.0,0.0,0.0,0.0,0.0,0.0,0.0,0.009726887283871482,0.0,0.0,2.764554577011007e-06,0.0,0.0,0.0,0.0,0.0,0.0,2.7212332099852937e-06,0.0,0.0,0.00533250574988886,0.0,1.7085262997910173e-05,0.0,0.0,0.0,0.0,0.0,0.0,0.0,0.0,0.0,0.0,3.208289559006733e-05,0.0,3.459212349721573e-07,0.0,0.0,0.0,0.0,0.0,0.0,0.27014552838884104,0.0,0.0,0.0,0.0,0.02809734450447404,0.015445144458647923,0.0,0.0,0.0,0.0,0.0,0.0,0.0,0.0,0.0,0.0,0.0,0.0,0.0,0.0,0.0,0.0,0.0,0.0,0.0,0.0,0.0,0.0,0.0,0.0,0.0,0.0,0.0,0.0,0.0,0.0
570,1.9998297973102356e-05,0.0,0.0,0.0,4.002533238479309e-09,0.0,2.2830529921893865e-05,0.0,0.0,0.0,0.0,0.0,0.0,0.0,0.0,0.0,0.0,5.341005132424195e-06,3.2267646085970635e-06,0.0,0.0,8.354425968519818e-06,2.7307207899934987e-05,0.0,3.6731494759112512e-06,0.0,5.86311658330194e-05,0.0,0.0,4.588442331564103e-06,0.0,0.0,0.0,1.1169052931682644e-07,1.478077798268202e-05,0.0,0.0,0.0,0.0,0.0,0.039832297655465816,0.0,0.44712972819333213,0.0,2.3402691639582172e-05,0.0,2.112140412230962e-05,0.0,0.0,0.0,0.0,1.1253087478085969e-07,1.2505677335356919e-05,1.7370152616629276e-05,0.0,7.046892849303679e-05,0.0,0.0,0.0,0.0,0.0,2.150667528560217e-05,0.0,0.060660817728475966,0.0,0.0,0.0,0.0,0.0,0.0,0.0,6.80721297819693e-06,0.0,0.0,0.0,0.0,0.0,0.0,0.0,0.0,0.0,5.290369265779457e-07,0.0,0.0,0.0,0.0,0.0,0.0,0.0,0.0,0.0,0.0,0.0,0.0,0.0,0.0,0.0,0.0,0.0,0.0
275,0.0,0.0,0.0,0.0,0.0,0.0,0.0,0.0,0.0,0.07485169160367514,0.0068954534499511356,0.0,9.501048747888483e-08,0.0,1.0581191871921747e-06,0.0,0.0,0.0,0.0,0.0,0.0,0.0,6.508931521759004e-05,0.0,0.0,0.0,0.0,9.673985587537761e-06,0.0,0.0,0.0,0.0,0.0,1.0174648726136367e-06,0.0,3.414548067562699e-06,0.0,0.0,0.0,1.6845748598141167e-06,0.0,0.0,0.0,0.0,0.0,0.0,0.0,0.0,0.0,0.0,0.0,0.0,0.0,0.0,0.0,0.0,0.0,0.0,2.1311049447328363e-06,0.0,0.0,0.0,0.7093986560457434,0.0,0.0,0.0,0.0,0.0,0.0,0.0,0.0,0.0,0.0,0.0,0.0,1.3462457926538942e-05,0.0,0.0,0.0,0.0,0.0,0.0,0.0,0.0,0.0,0.0,0.0,0.0,0.0,0.0,0.0,0.0,0.0,0.0,0.0,0.0,0.0,0.0,0.0,0.0
367,0.0,0.0,0.0,0.0,1.3522746376087994e-09,0.0,7.721211975290312e-06,0.0,0.0,0.0,0.0,0.0,0.0,0.0,0.0,0.0,0.0,1.7436906822538083e-06,0.0,0.0,0.0,2.850111250222336e-06,0.0,0.0,1.7510688501695674e-07,0.0,2.022011145045366e-05,0.8721894964229687,0.0,1.5905940646941144e-06,0.0,0.0,0.0,0.0,5.16379898782511e-06,0.0,0.0,0.0,0.0,0.0,0.0,2.816001474894543e-07,1.6571647431162118e-06,0.0,8.175304414576597e-06,0.0,0.0,0.0,0.0,8.799312007179718e-08,0.0,7.22860886353153e-08,4.542110960641038e-06,6.091280592383728e-06,0.0,2.468939502643571e-05,0.0,0.0,0.0,0.0,0.0,0.0,0.0,0.0039094891101572665,0.0,0.0,0.0,0.0,0.0,0.0,0.0,0.26828549544711267,0.0,0.0,0.0,0.0,0.0,0.0,0.0,0.0,0.0,5.624367579420174e-08,0.0,0.0,0.0,0.0,0.0,0.0,0.0,0.0,0.0,0.0,0.0,0.0,0.0,0.0,0.0,0.0,0.0,0.0
335,0.0,0.0,0.0,0.0,0.0,0.0,0.0,0.0,0.0,0.0,0.0,0.0,0.0,0.0,1.1958737616439881e-08,0.0,0.0,2.2187473096678575e-06,0.0,0.0,0.0,0.0,7.3722773181625725e-06,0.0,0.0,0.0,0.0,0.0,0.0,0.0,0.0,0.0,0.0,0.0,0.0,3.422644071748384e-07,0.0,0.0,0.0,7.752784558091158e-08,0.0,0.0,0.0,0.0,0.0,0.0,0.0,0.0,0.0,0.0,0.0,0.0,0.0,0.0,0.0,0.0,0.0,0.0,0.0,0.0,0.0,0.0,0.0,0.44895424470844403,1.8624233476608587e-05,0.0,0.0,0.0,0.0,0.0,0.1500435973689643,5.419948509746316e-05,0.0,0.0,0.0,0.6741568187858372,0.0,0.0,7.379051345619888e-07,0.0,0.0,0.00013191529979645172,0.0,0.0,0.0,0.0,0.0,0.0,0.0,0.0,0.0,0.0,0.0,0.0,0.0,0.0,0.0,0.0,0.0,0.0
289,0.0,2.3650796301268344e-11,0.0,0.0,2.946127466760794e-11,0.0,0.0,0.0,0.0,0.04491937615139773,0.6094575850060036,0.0,2.4294069950876964e-08,0.0,0.0,0.0,0.0,0.0,0.0,0.0,0.0,0.0,0.0,0.07619602082963575,0.0,0.0,0.0,0.0,0.0,0.0,0.0,0.0,0.0,0.0,0.0,0.0,0.0,0.0,0.0,0.0,0.0,0.0,0.0,0.0,0.0,0.0,0.0,0.0,0.0,0.0,0.0,0.0,0.0,0.0,0.0,0.0,0.0,0.0,0.0,0.0,0.0,0.0,0.020831442093148647,8.257699877641772e-10,0.0,0.0,0.0,0.0,0.0,0.0,0.0,0.0,0.0,0.0,0.0,0.0,0.0,2.567060411905749e-11,0.0,0.0,0.0,0.0,0.0,0.0,0.0,0.0,0.0,0.0,0.0,0.0,0.0,0.0,0.0,0.0,0.0,0.0,0.0,0.0,0.0,0.0
524,2.2199919938126753e-05,0.17957989844216732,0.0,0.0,4.426747799047818e-09,0.0,2.525806273933559e-05,0.0,0.0,0.0,0.0,0.0,0.0,0.0,0.0,0.0,0.0,5.913355756428543e-06,3.5174180969516313e-06,0.0,0.0,9.242936490221551e-06,3.0207215938556655e-05,0.0,0.0,0.0,6.482519750124996e-05,0.0,0.0,0.23159899250018728,0.0,0.0,0.0,0.0,1.636173396073863e-05,0.0,0.0,0.0,3.37736485460476e-06,0.0,0.0,0.0,5.137793090733052e-06,0.0,2.5889669014292948e-05,0.0,2.6112976557972985e-06,0.0,0.0,0.0,0.0,1.2286305256363146e-07,1.4332284145330367e-05,1.9198283086017126e-05,0.0,7.890128645188157e-05,0.0,1.0780036118609033e-06,0.0,0.0,0.0,2.1725074391974138e-05,0.0,0.06246806609578912,0.0,0.0,0.0,0.0,0.0,0.0,0.0,6.947107470486536e-06,0.0,0.0,0.0034599270012508013,0.0,0.0,0.0,0.0004737260565941283,0.0,0.0,5.131924532048233e-07,0.0,0.0,0.0,0.0,0.0,0.0,0.0,0.0,0.0,0.0,0.0,0.0,0.0,0.0,0.0,0.0,0.0,0.0
183,0.0,0.0,0.0,0.0,0.0,0.00015521851719691823,0.0,0.0,0.0,0.03545467811362246,0.0,0.0,7.038473632233751e-08,2.7846674967236515e-05,0.0,0.0,0.0,0.0,0.0,0.0,0.0,0.0,0.0,0.0,0.0,0.0,0.0,0.0,0.0,0.0,0.0,0.0,0.0,0.0,0.0,0.0,0.0,0.0,0.0010297343679152617,0.000555430594293375,0.0,0.0,0.0020077635223315882,0.0,0.0,0.0,0.0,0.0,0.0,0.0,0.0,0.0,0.0,0.0,0.0,0.0,0.0,0.0,0.0,0.0,0.0018779968676460833,0.0,0.0,0.0,0.0,0.0005846041485053719,0.012482037435868702,0.0,0.0,0.0,0.0,0.0,0.0,0.0,0.0,0.0,0.0,0.0,0.0,0.06733397175117763,4.360696489276171,0.0,0.0,0.0,0.0,0.0,0.0,0.0,0.0,0.0,0.0,0.0,0.0,0.0,0.0,0.0,0.0,0.0,0.0,0.0
386,0.467078535877912,0.0,0.0,0.0,1.9576923009242925e-08,0.0,0.0001139531304183353,0.0,1.7107068077502768e-06,0.0,0.0,0.0,0.0,0.0,0.0,0.0,0.0,0.0,2.3361761695073966e-05,0.09712323836839627,0.0,4.1595699055576355e-05,0.0,0.0,0.0,0.0,0.0002933271101048742,0.0,0.0,2.205775191330056e-05,0.0,2.529657157722703e-05,0.0,0.0,7.59738069669954e-05,0.0,0.0,0.0,2.648372765817343e-05,0.0,0.0,0.0,2.1711697698240757e-05,0.0002003879236250069,0.00011662495782506731,0.0,0.0001646160192585763,3.3923475809022215e-05,0.0,2.031003698643556e-05,0.0,4.2985750978713816e-07,6.194927897054306e-05,8.665374123080614e-05,0.000377729612841711,0.00035125584169136805,7.894117720183567e-05,0.0,0.0,0.0,0.0,0.0003474713893762008,0.0,0.04763829373764757,2.0483812244001943e-05,0.0,0.0,0.0,0.0,0.015510924957747715,0.0,0.00010698751462376065,0.0,0.00012745146304660306,0.0,0.0018142099603469665,0.0,0.00025532165455726254,0.0,0.0,0.0,6.948805713011621e-06,0.0,0.0,0.0,0.0,0.0,0.0,0.0,0.0,0.0,0.0,0.0,0.0,0.0,0.0,0.0,0.0,0.0,0.0
41,0.467078535877912,0.0,0.0,0.0,1.9576923009242925e-08,0.0,0.0001139531304183353,0.0,1.7107068077502768e-06,0.0,0.0,0.0,0.0,0.0,0.0,0.0,0.0,0.0,2.3361761695073966e-05,0.09712323836839627,0.0,4.1595699055576355e-05,0.0,0.0,0.0,0.0,0.0002933271101048742,0.0,0.0,2.205775191330056e-05,0.0,2.529657157722703e-05,0.0,0.0,7.59738069669954e-05,0.0,0.0,0.0,2.648372765817343e-05,0.0,0.0,0.0,2.1711697698240757e-05,0.0002003879236250069,0.00011662495782506731,0.0,0.0001646160192585763,3.3923475809022215e-05,0.0,2.031003698643556e-05,0.0,4.2985750978713816e-07,6.194927897054306e-05,8.665374123080614e-05,0.000377729612841711,0.00035125584169136805,7.894117720183567e-05,0.0,0.0,0.0,0.0,0.0003474713893762008,0.0,0.04763829373764757,2.0483812244001943e-05,0.0,0.0,0.0,0.0,0.015510924957747715,0.0,0.00010698751462376065,0.0,0.00012745146304660306,0.0,0.0018142099603469665,0.0,0.00025532165455726254,0.0,0.0,0.0,6.948805713011621e-06,0.0,0.0,0.0,0.0,0.0,0.0,0.0,0.0,0.0,0.0,0.0,0.0,0.0,0.0,0.0,0.0,0.0,0.0
16,0.0,0.0,0.0,0.0,0.0,0.0,0.0,0.0,0.0,0.0,0.0,0.0,0.0,0.0,0.0,0.0,0.0,0.0,0.0,0.0,0.0,0.0,0.0,0.0,0.0,0.0,0.0,0.0,0.0,0.0,0.0,0.0,0.0,0.0,0.0,0.0,0.0,0.0,0.0,0.0,0.0014023779016792037,0.0,0.0,0.0,0.0,0.0,0.48648923746235645,1.3830011871996188e-07,0.0,0.0,0.0,0.0,0.0,0.0,0.0,0.0,0.0,4.201911387363097e-07,0.0,0.0,0.0,0.0,0.0,0.014318736180231795,6.008764098350058e-07,0.08009922994956353,0.0,1.981465234842392e-08,0.0,0.0,0.0,1.8232190462370242e-06,0.0,0.0,0.0,0.0,0.022414905703690414,6.279286965005632e-06,0.0,0.0,0.0,1.2487846840078385e-07,0.0,0.0,0.0,0.0,0.0,0.0,0.0,0.0,0.0,0.0,0.0,0.0,0.0,0.0,0.0,0.0,0.0,0.0
375,0.0,0.0,0.0,0.0,0.0,0.0,0.0,0.0027901659398899313,0.0,0.0,1.9267025772528901e-13,0.0,0.0,0.0,4.971965149222566e-11,0.0,0.0,0.0,0.0,0.0,0.0,0.0,0.0,0.0,0.0,0.0,0.0,0.0,0.0,0.0,0.0,0.0,0.0,0.0,0.0,0.0,2.3850663421349486e-14,0.0,0.0,0.0,0.0,0.0,0.0,0.0,0.0,0.0,0.0,0.0,3.911946144687685e-08,0.0,0.0,0.0,0.5116337608655434,0.0,0.0,0.0,0.0,0.0,0.0,0.0,0.0,0.0,0.0,0.0,0.0,0.0,0.0,0.0,0.0,0.0,1.7963927904555724e-12,0.0,0.0,0.0,0.0,0.0,0.0,0.0,0.0,0.0,0.0,0.0,0.0,0.0,0.0,0.0,0.0,0.0,0.0,0.0,0.0,0.0,0.0,0.0,0.0,0.0,0.0,0.0,0.0,0.0
194,0.0,0.0,0.0,0.0,0.0,0.0,0.0,0.0,0.0,0.0,0.0,0.0,0.0,0.0,0.0,0.0,0.0,0.0,0.0,0.0,0.0,0.0,0.0,0.0,0.0,0.0,0.0,0.0,0.0,0.0,0.0,0.0,0.0,0.0,0.0,0.0,0.0,0.0,0.0,0.0,0.0,0.0,0.0,0.0,0.0,0.0,0.0,0.0,0.0,0.0,0.7378679765618779,0.0,0.0,0.0,0.0,0.0,0.0,0.0,0.0,0.0,0.0,0.0,0.0,0.0,0.0,0.0,0.0,0.0,0.0,0.0,0.0,0.0,0.0,0.0,0.0,0.0,0.0,0.0,0.0,0.0,0.0,0.0,0.0,0.0,0.0,0.0,0.0,0.0,0.0,0.0,0.0,0.0,0.0,0.0,0.0,0.0,0.0,0.0,0.0,0.0
115,0.0,0.0,0.0,0.0,1.2500184494680529e-09,0.0,0.3245555092105592,0.0,8.733105272042349e-07,0.0,0.0,0.0,0.0,0.0,0.0,0.0,0.0,0.0,4.924880998537034e-06,0.0647028056185422,0.0,3.7775583599211478e-06,0.0,0.0,0.0,0.0,2.605582215803959e-05,0.0,0.0,0.0,0.0,1.0783159084702815e-05,0.0,0.0,5.939286335518499e-06,0.0,0.0,0.0,1.2761101966781646e-05,0.0,0.0,0.0,1.4904411477247614e-06,0.00013353689923110466,1.0546293874792184e-05,0.0,4.401705368224429e-05,2.6733440286714446e-05,0.0,1.6311846199121335e-06,0.0,1.0275338233842116e-07,4.137756626690978e-06,7.830616689681266e-06,0.00025173290838334495,1.763494164093731e-05,2.071272240421787e-05,0.0,0.0,0.0,0.0,0.00015516310942110064,0.0,0.2538260753429863,9.233972079531076e-06,0.0,0.0,0.0,0.0,0.0,0.0,3.1947413066850416e-05,7.862107031980195e-05,0.0001945974102782026,0.44398182733694536,0.0011981197858541232,0.0,3.7243729080799574e-05,0.0,0.0,0.0,0.0,0.0,0.0,0.0,0.0,0.0,0.0,0.0,0.0,0.0,0.0,0.0,0.0,0.0,0.0,0.0,0.0,0.0,0.0
42,0.4632047107256717,0.0,0.0,0.0,1.9414557216486666e-08,0.0,0.00011300803346165047,0.0,1.6965186604668724e-06,0.0,0.0,0.0,0.0,0.0,0.0,0.0,0.0,0.0,2.3168005456876168e-05,0.09631772406029093,0.0,4.1250715390413487e-05,0.0,0.0,0.0,0.0,0.0002908943330670136,0.0,0.0,2.1874810785415908e-05,0.0,2.508676854045152e-05,0.0,0.0,7.534370041802176e-05,0.0,0.0,0.0,2.6264078664598098e-05,0.0,0.0,0.0,2.1531626651978725e-05,0.00019872595948169133,0.00011565770144249393,0.0,0.0001632507377761664,3.364212352295881e-05,0.0,2.014159094133005e-05,0.0,4.2629238592731013e-07,6.14354881267954e-05,8.593505814747771e-05,0.00037459682389389434,0.0003483426191604513,7.828646007334525e-05,0.0,0.0,0.0,0.0,0.0003445895540862924,0.0,0.047243194399280417,2.0313924953129493e-05,0.0,0.0,0.0,0.0,0.015382281471437532,0.0,0.00010610018863190539,0.0,0.00012639441450906097,0.0,0.0017991633854435938,0.0,0.0002532040846598714,0.0,0.0,0.0,6.891174166536896e-06,0.0,0.0,0.0,0.0,0.0,0.0,0.0,0.0,0.0,0.0,0.0,0.0,0.0,0.0,0.0,0.0,0.0,0.0
296,0.0,0.0,0.0,0.0,0.0,0.0,0.0,0.0,0.49909068280017277,0.0,0.0,0.0,0.0,0.0,0.0,0.0,0.0,0.0,0.0,0.0979064986350864,0.0,0.0,0.0,0.0,0.0,0.0,0.0,0.0,0.0,0.0,0.0,1.5980704649396422e-05,0.0,0.0,0.0,0.0,0.0,0.0,3.210765780596944e-05,0.0,0.0,0.0,0.0,0.00020207496160389656,0.0,0.0,0.0,4.020491693704541e-05,0.0,0.0,0.0,0.0,0.0,0.0,0.00038090544081776945,0.0,8.167728081354574e-05,0.0,0.0,0.0,0.0,0.00016358211022564486,0.0,0.0,0.0,0.0,0.0,0.0,0.0001697278038334627,0.0,0.0,0.0,0.00011924949014323695,0.0002999745156565261,0.0,0.0017623338760306688,0.0,5.0222371082235084e-05,0.0,0.0,0.0,0.0,0.0,0.0,0.0,0.0,0.0,0.0,0.0,0.0,0.0,0.0,0.0,0.0,0.0,0.0,0.0,0.0,0.0,0.0
136,0.0,0.0,0.0,0.0,0.0,0.0,0.0,0.0,0.0,0.0,0.0,0.0,1.4845790670400595e-09,0.0,0.0,0.5754861602076862,0.0,0.0,0.0,0.0,0.0,0.0,0.0,0.0,1.1018669847386408e-05,0.0,0.0,0.0,0.0,0.0,0.0,0.0,0.0,0.0,0.0,8.53283038046301e-07,0.0,0.0,0.0,5.745441284108767e-07,0.10927056558508869,0.0,3.112918764908658e-08,0.0,0.0,0.0,0.0,0.0,8.037931857153105e-06,0.0,0.0,0.0,0.0,0.0,0.00034213366717187433,0.0,0.0,0.0,0.0,4.345728066527265e-05,0.0,0.0,0.0,0.0,0.0,0.0,0.0,0.0,0.0,0.0,0.0,0.0,0.0,0.0,0.0,0.0,0.0,0.0,0.0,0.0,0.0,0.0,0.0,0.0,0.0,0.0,0.0,0.0,0.0,0.0,0.0,0.0,0.0,0.0,0.0,0.0,0.0,0.0,0.0,0.0
40,0.44557446720261756,0.0,0.0,0.0,0.0,0.0,0.0,0.0,2.9469246212317155e-07,0.0,0.0,0.0,0.0,0.0,0.0,0.0,0.0,0.0,0.0,0.0030130318785575446,0.0,0.0,0.0,0.0,0.0,0.0,0.0,5.248452492487169e-06,0.0,0.0,0.0,0.0,0.0,0.0,0.0,0.0,0.0,0.0,3.062419745058788e-07,8.558449181611089e-07,0.0,0.0,0.0,6.1717410052086896e-06,0.0,0.0,0.0,0.0,0.0,0.0,0.0,0.0,0.0,0.0,1.15587047947266e-05,0.0,0.0,0.0,0.0,0.0,0.0,0.0,0.0,0.0,0.0,0.0,0.0,0.0,0.0,0.02107506285344116,0.0,0.5702926272820458,0.0,0.0,0.0,2.147974933185539e-05,0.0,8.192417988313611e-05,0.0,0.14867302892367168,0.00040488723765459147,0.0,0.0,0.0,0.0,0.0,0.0,0.0,0.0,0.0,0.0,0.0,0.0,0.0,0.0,0.0,0.0,0.0,0.0,0.0
427,0.0,0.0,0.0,0.0,0.0,0.0,0.0,0.0,0.0,0.0,0.0,0.0,0.0,0.0,0.0,0.0,0.0,0.0,0.0,0.0,0.0,0.0,0.0,0.0,0.0,0.0,0.0,0.0,0.0,0.0,0.0,0.0,0.0,0.0,0.0,0.0,0.0,0.0,0.0,0.0,0.0,0.0,0.0,0.0,0.692750362743228,0.0,0.0,0.0,0.0,0.0,0.0,0.0,0.0,0.0,0.0,0.0,0.0,0.0,0.0,0.0,0.0,0.0,0.0,0.0,0.0,0.0,0.0,0.0,0.0,0.0,0.0,0.0,0.0,0.0,0.0,0.0,0.0,0.0,0.0,0.0,0.0,0.0,0.0,0.0,0.0,0.0,0.0,0.0,0.0,0.0,0.0,0.0,0.0,0.0,0.0,0.0,0.0,0.0,0.0,0.0
261,0.0,0.0,0.0,0.0,0.0,0.0,0.0,0.30295399960115216,0.0,0.0,0.0,0.0,1.1148016193371467e-10,0.0,0.0,1.9349312193246937e-06,0.0,0.0,0.0,0.0,0.0,0.0,0.0,0.0,0.0,0.0,0.0,0.0,0.0,0.0,0.0,0.0,0.0,1.7311760742882592e-07,0.0,1.409043813949174e-07,1.0032849112407898e-11,0.0,0.0,0.0,0.21635954730921372,0.0,0.0,0.0,0.0,0.0,0.0,3.3774545753811753e-06,0.0,0.0,0.0,0.0,6.050194125981356e-06,0.0,0.0,0.0,2.176342294565641e-06,7.614286406189312e-07,0.0,0.0,0.0,0.0,0.0,0.0,0.0,0.0,0.0,0.0,0.0,0.0,1.5891909938145103e-09,0.0,0.0,0.0,0.0,0.0,0.0,4.201124365170439e-05,0.0,0.0,0.0,0.0,0.0,0.0,0.0,0.0,0.0,0.0,0.0,0.0,0.0,0.0,0.0,0.0,0.0,0.0,0.0,0.0,0.0,0.0
237,0.0,0.0,0.0,0.0,0.0,0.0,0.0,0.30148812418324816,0.0,0.0,0.0,0.0,1.0832459647417522e-10,0.0,0.0,1.9032893059050214e-06,0.0,0.0,0.0,0.0,0.0,0.0,0.0,0.0,0.0,0.0,0.0,0.0,0.0,0.0,0.0,0.0,0.0,0.0,0.0,1.3936836043524292e-07,0.0,0.0,0.0,0.0,0.2153130070371153,0.0,0.0,0.0,0.0,0.0,0.0,3.3621316040495792e-06,0.0,0.0,0.0,0.0,0.0,0.0,0.0,0.0,2.168221223715805e-06,2.9766533978866774e-07,0.0,0.0,0.0,0.0,0.0,0.0,0.0,0.0,0.0,0.0,0.0,0.0,0.18989125508883573,0.0,0.0,0.0,0.0,0.0,0.0,4.161418857204876e-05,0.0,0.0,0.0,0.7077065695718728,0.0,0.0,0.0,0.0,0.0,0.0,0.0,0.0,0.0,0.0,0.0,0.0,0.0,0.0,0.0,0.0,0.0,0.0
435,0.0003001892882118116,0.0,0.0,0.0,0.0,0.0,0.0,0.0,8.906719757082426e-07,0.0,0.0001255835452325376,0.0,0.0,0.0,1.4540388582772495e-06,0.0,0.0,0.0,0.0,0.012053814888275229,0.00022739190987732704,0.0,0.0,0.0,0.0,0.0,0.0,0.0,0.0,0.0,0.0,0.0,0.0,3.59200164582365e-05,0.0,0.0,0.0,0.0,3.861684071976943e-06,0.0,0.0,0.0,0.0,2.4744074383977174e-05,0.0,0.0,0.0,4.9158822968613164e-06,0.0,0.0,0.0,0.0,0.0,0.0,4.641966362293818e-05,0.0,9.459552693002425e-06,0.0,5.205791244220469e-05,0.0,0.0,0.0,0.0,0.0,0.0,0.0,0.0,0.0,0.0,0.3580629661088587,0.03778194583038744,0.0,0.7744276627262435,0.0022355667673970604,0.0,0.0002665442119004825,0.0,0.0,0.0,0.0,0.0,0.034066984132299104,0.0,0.0,0.0,0.0,0.0,0.0,0.0,0.0,0.0,0.0,0.0,0.0,0.0,0.0,0.0,0.0,0.0,0.0
572,0.0,0.0,0.0,0.0,0.0,0.0,0.0,0.0,0.0,0.0,0.0,0.0,0.0,0.0,0.0,0.0,0.0,0.0,0.0,0.0,0.0,0.0,0.0,0.0,0.0,0.0,0.0,0.0,0.0,0.0,0.0,0.0,0.0,0.0,0.0,0.0,0.0,0.0,0.0,0.0,0.0,0.0,0.0,0.0,0.0,0.0,0.0,0.0,0.0,0.0,0.0,0.0,0.0,0.0,0.0,0.0,0.0,0.0,0.0,0.0,0.0,0.5674823445303735,0.0,0.02943875891425367,1.2355447225768312e-06,0.0,0.0,3.969503561618831e-08,0.0,0.0,0.0,3.5486415755110463e-06,0.0,0.0,6.320287225578367e-10,0.0,0.0,0.0,4.852370510088931e-08,0.0,0.0,2.568216668165629e-07,0.0,0.0,0.0,0.0,0.0,0.0,0.0,0.0,0.0,0.0,0.0,0.0,0.0,0.0,0.0,0.0,0.0,0.0
107,0.0,0.0,0.0,0.0,0.0,0.0,4.98452477617e-06,0.0,0.0,0.0,0.0,0.0,0.0,0.0,0.0,0.00014188895838961082,0.0,0.0,6.468799803955719e-07,0.0,0.0003586983972502967,1.824636243381907e-06,5.694315021897837e-06,0.0,0.0,0.0,3.2451123143128047e-06,0.0,0.0,0.0,0.0,0.0,0.0,0.0,0.0,0.0,0.0,0.0,0.0,0.0,0.0,0.0,4.090308849220519e-07,0.0,5.068466520310289e-06,0.0,0.0,0.0,0.5372116067989277,0.0,0.0,1.2859496910474243e-06,2.988968101166081e-06,3.7629609839081153e-06,0.0,0.16491974633292547,0.0,0.0,0.0,0.0002632376527567483,0.0,0.0,0.0,0.22371552024042143,0.0,0.0,0.0,0.0,0.0,0.0,0.0,2.7080922113911634e-05,0.0,0.0,0.0,1.5695778311508194e-06,0.0,0.0,3.7013504501398454e-07,0.0,0.0,1.959015693229669e-06,0.0,0.0,0.0,0.0,0.0,0.0,0.0,0.0,0.0,0.0,0.0,0.0,0.0,0.0,0.0,0.0,0.0,0.0
38,0.4265474738027954,0.0,0.0,0.0,0.0,0.0,0.0,0.0,0.0,0.0,0.0,0.0,0.0,0.0,0.0,0.0,0.0,0.0,0.0,0.0,0.0,0.0,0.0,0.0,0.0,0.0,0.0,0.0,0.007035917512915893,0.0,0.0,0.0,0.0,0.0,0.0,0.0,0.0,0.0,0.0,3.348458905462543e-06,0.0,0.0037439700651166166,0.0,0.0,0.0,0.0,0.0,0.0,0.0,0.0,0.0,0.0,0.0,0.0,0.0,0.0,0.0,0.0,0.0,0.0,0.0,0.0,0.0,0.3378024840697534,0.0,0.0,0.0,0.0,0.0041168584810640195,0.022056860518432184,0.0,0.0,0.0,0.0,0.0,0.0,0.0,0.0,0.0,0.24142124050892708,0.0008589797325993149,0.0,0.0,0.0,0.0,0.0,0.0,0.0,0.0,0.0,0.0,0.0,0.0,0.0,0.0,0.0,0.0,0.0,0.0,0.0
338,0.0,0.0,0.0,0.0,0.0,0.0,0.0,0.0,0.0,0.0,0.0,0.0,0.0,0.0,0.0,0.0,0.0,0.0,0.0,0.0,0.0,0.0,0.0,0.0,0.0,0.0,0.0,0.0,0.0,0.0,0.0,0.0,0.0,0.0,0.0,0.0,0.0,0.0,0.0,0.0,0.0,0.0,0.0,0.0,0.0,0.0,0.0,0.0,0.0,0.0,0.0,0.0,0.0,0.3614503311982067,0.0,0.0,0.0,0.0,0.0,0.0,0.0,0.0,0.0,0.0,0.0,0.0,0.0,0.0,0.0,0.0,0.0,0.0,0.0,0.0,0.0,0.0,0.0,0.0,0.0,0.0,0.0,0.0,0.0,0.0,0.0,0.0,0.0,0.0,0.0,0.0,0.0,0.0,0.0,0.0,0.0,0.0,0.0,0.0,0.0,0.0
152,0.00037722600611753176,0.0,0.0,0.0,5.529216265089197e-08,0.0,0.00031593318107521473,0.29630185737225606,2.413587905520623e-08,0.0,0.0,0.0,7.40376051173473e-09,0.0,0.0,8.298152614536377e-05,0.0,4.721124217381856e-05,4.6499206475599676e-05,3.038272390866608e-05,0.0,0.00011555528264274115,0.00034655701922813075,0.0,0.0001893111540518567,0.0,0.0008123736911734156,0.0,0.0,0.0,0.0,0.0,0.0,2.823958835324739e-05,0.00020887335890570465,4.927194335072524e-06,0.0,0.0,0.0,0.0,0.14066747074743424,7.654843927675984e-05,0.0,6.120299622226143e-08,0.00032304725061378127,0.0,0.00028272124039980097,3.0484596090955564e-06,0.0,2.04124034484035e-05,0.0,1.0598301746685574e-06,0.00019925670098126295,0.0002394747093549244,0.0,0.0009426428535593626,1.6356892572848787e-06,0.0,0.0,0.0,0.0,0.0003653162786715385,0.0,0.216185718226971,0.0,0.0,0.0,0.0,0.6389628789904293,0.0,0.0,0.0001269372692299036,0.0,0.0,0.0,0.00017956825636484443,0.0,0.0,1.242330021334397e-06,0.0,0.0,9.668921130638609e-06,0.0,0.0,0.0,0.0,0.0,0.0,0.0,0.0,0.0,0.0,0.0,0.0,0.0,0.0,0.0,0.0,0.0,0.0
73,0.0,0.0,0.0,0.0,0.0,0.0,0.0,0.0,0.0,0.0,0.0,0.0,0.0,0.0,0.0,1.9561877139455064e-07,0.0,0.0,0.0,0.0,0.0,0.0,0.0,0.0,0.0,0.0,0.0,0.0,0.0,0.0,0.0,0.0,0.0,0.0,0.0,0.0,0.0,0.0,0.0,0.0,0.0,0.0,0.0,0.0,0.0,0.0,0.0,0.0,0.0,0.0,0.0,0.0,0.0,0.0,0.7902960086039723,0.0,0.0,0.0,0.0,0.0,0.0,0.0,0.0,0.0,0.0,0.0,0.0,0.0,0.0,0.0,0.0,0.0,0.0,0.0,0.0,0.0,0.0,0.0,0.0,0.0,0.0,0.0,0.0,0.0,0.0,0.0,0.0,0.0,0.0,0.0,0.0,0.0,0.0,0.0,0.0,0.0,0.0,0.0,0.0,0.0
294,0.0,0.0,0.0,0.0,0.0,0.0,0.0,0.0,0.4810671125142076,0.0,0.0,0.0,0.0,0.0,0.0,0.0,0.0,0.0,0.0,0.0,0.0,0.0,0.0,0.0,0.0,0.0,0.0,0.0,0.0,0.0,0.0,0.0,0.0,0.0,0.0,0.0,0.0,0.0,0.0,0.0,0.0,0.0,0.0,0.0,0.0,0.0,0.0,0.0,0.0,0.0,0.0,0.0,0.0,0.0,0.0,0.0,0.0,0.0,0.0,0.0,0.0,0.0,0.0,0.0,0.0,0.0,0.0,0.0,0.0,0.0,0.0,0.0,0.0,0.0,0.0,0.0,0.0,0.0,0.0,0.0,0.0,0.0,0.0,0.0,0.0,0.0,0.0,0.0,0.0,0.0,0.0,0.0,0.0,0.0,0.0,0.0,0.0,0.0,0.0,0.0
560,0.0,0.0,0.0,0.0,0.0,0.41778153846298166,0.0,0.019012506408643652,0.0,0.0,0.0,0.0,0.0,7.337425810849422e-05,0.0,0.0,0.0,0.0,0.0,0.0,0.0,0.0,0.0,0.21439337408327455,0.0,0.0,0.0,0.0,0.0,0.0,0.0,0.014486761025381604,0.0,0.0,0.0,0.0,0.0,0.0,0.0014187372618143538,0.0007076119186619122,0.08146725810449923,0.0,0.0031784504833264854,0.0,0.0,0.0,0.0,0.0,0.0,0.0,0.0,0.0,0.0,0.0,0.0,0.0,0.0,0.0,0.0,0.0,0.0,0.0,0.0,0.0,0.0,0.08602603637456577,0.01977345190964135,0.0,0.0,0.0,0.0,0.0,0.0,0.011505187713992173,0.0,0.0,0.0,0.0,0.0,0.0,0.011743392226193394,0.0,0.0,0.0,0.0,0.0,0.0,0.0,0.0,0.0,0.0,0.0,0.0,0.0,0.0,0.0,0.0,0.0,0.0,0.0
482,0.0,0.0,0.0,0.0,0.0,0.0,0.0,0.00030050302670670383,0.0,0.0,0.0,0.0,0.0,0.0004505346804791125,0.0,0.0,0.0,0.0,0.0,0.0,0.0,0.0,0.0,0.0,0.0,0.0,0.0,0.0,0.0,0.0,0.0,0.0,0.0,0.0,0.0,1.4364766529434254e-08,0.0,0.0,0.0,0.0,0.0,0.0,0.0,0.0,0.0,0.0,0.0,0.0,0.0,0.0,0.0,0.0,2.0783607941573818e-08,0.0,0.0,1.802561274543869e-09,0.5753500488551018,0.0,0.0,3.373916002730003e-08,0.0,0.0,0.0,0.0,0.0,0.0,0.0,0.0,0.0,0.0,0.0,0.0,0.0,0.0,0.0,0.0,0.0,0.0,0.0,0.0,0.0,0.0,0.0,0.0,0.0,0.0,0.0,0.0,0.0,0.0,0.0,0.0,0.0,0.0,0.0,0.0,0.0,0.0,0.0,0.0
507,4.784920253938895e-05,0.0,0.0,0.0,1.2641891745509376e-08,0.0,7.213100699323801e-05,0.0,0.0,0.0,0.0,0.0,0.0,0.0,0.0,0.008273247986664605,0.0,1.686059353213614e-05,1.0262197965455189e-05,0.0,0.0,2.6395072500317077e-05,8.628378425630137e-05,0.0,0.0,0.0,0.00018532734597070743,0.0,0.0,1.450810710990232e-05,0.0,0.0,0.0,0.0,4.673163623283747e-05,0.0,0.0,0.0,0.0,0.0,0.0,0.0,0.0,0.0,7.395770123190162e-05,0.0,0.0,0.0,0.0,0.0,0.0,3.31581051455611e-07,4.1045634044550625e-05,5.4861832222596394e-05,0.0,0.00021783996820487004,0.0,0.0,0.0,0.0,0.0,7.182515152511782e-05,0.0,0.3331509572376375,0.0,0.0,0.9170027266267797,0.0,0.0,0.0,0.0,3.516306381068694e-05,0.0,0.0,0.0,0.0,0.0,0.0,0.0,0.0,0.0,2.6405398531938566e-06,0.0,0.0,0.0,0.0,0.0,0.0,0.0,0.0,0.0,0.0,0.0,0.0,0.0,0.0,0.0,0.0,0.0,0.0
400,8.979142140758807e-05,0.0,0.0,0.0,0.2787008225881129,0.0,0.00011238820600873356,0.0,0.0,0.0,0.0,0.0,0.0,0.0,0.0,0.0,0.0,3.794498774890187e-05,1.5873100508935168e-05,0.0,0.0,4.112817179891497e-05,0.00013444026646460225,0.0,0.0,0.0,0.00030414789494724126,0.0,0.0,2.2595297294770158e-05,0.0,0.0,0.0,0.0,0.000101185641490626,0.0,0.0,0.0,0.0,0.0,0.0,0.0,2.3323359541166774e-05,0.0,0.00011521387400908856,0.0,0.00010247252495276929,0.0,0.0,0.0,0.0,0.0,6.398219922895371e-05,8.55135010129059e-05,0.0,0.00034689063000132745,0.0,0.0,0.0,0.0,0.0,0.00010645158112855621,0.0,0.3750725982233133,1.0834473376330298e-05,0.0,0.0,0.7338982073814391,0.0,0.0,0.0,4.348214293212363e-05,0.0,0.0,0.0,0.0,0.0,0.0,0.0,0.0,0.0,3.316483206336816e-06,0.0,0.0,0.0,0.0,0.0,0.0,0.0,0.0,0.0,0.0,0.0,0.0,0.0,0.0,0.0,0.0,0.0,0.0
12,0.0,0.028360411857958387,0.0,0.0,0.0,0.0,0.0,0.0,0.0,0.0,0.0,0.0,0.0,0.009378532089989925,0.0,0.0,0.0,0.0,0.0,0.0,0.0,0.0,0.0,0.0,0.0,0.0,0.0,0.0,0.0,0.0,0.0,0.0,0.0,0.0,0.0,0.0,0.0,0.0,0.0,0.0,0.0,0.0,0.0,0.0,0.0,8.181091594854e-312,0.0,0.0,0.0,0.0,0.0,0.0,0.0,0.0,0.0,0.0,0.0,0.0,0.45345319498307973,0.32957082558573497,0.0,0.0,0.0,0.0,0.0,0.0,0.0,0.0,0.0,0.0,0.0,0.0,0.0,0.0,0.0,0.0,0.0,0.0,0.0,0.0,0.0,0.0,0.0,0.0,0.0,0.0,0.0,0.0,0.0,0.0,0.0,0.0,0.0,0.0,0.0,0.0,0.0,0.0,0.0,0.0
313,0.0,0.0,0.0,0.0,0.0,0.0,0.0,0.0,0.0,0.0,0.0,0.0,0.0,0.0,0.0,0.0,0.0,0.0,0.0,0.0,0.0,0.0,0.0,0.0,0.0,0.0,0.0,0.0,0.7968978148419158,0.0,0.0,0.0,0.0,0.0,0.0,0.0,0.0,0.0,0.0,0.0,0.0,0.0,0.0,0.0,0.0,0.0,0.0,0.0,0.0,0.0,0.0,0.0,0.0,0.0,0.0,0.0,0.0,0.0,0.0,0.0,0.0,0.0,0.0,0.0,0.0,0.0,0.0,0.0,0.0,0.0,0.0,0.0,0.0,0.0,0.0,0.0,0.0,0.0,0.0,0.0,0.0,0.0,0.0,0.0,0.0,0.0,0.0,0.0,0.0,0.0,0.0,0.0,0.0,0.0,0.0,0.0,0.0,0.0,0.0,0.0
432,0.0,0.0,0.0,0.0,0.0,0.40266310422739804,0.0,0.046578447440781955,0.0,0.0,0.0,0.0,0.0,0.09384102780766476,0.0,0.0,0.0,0.0,0.0,0.0,0.0,0.0,0.0,6.860827857074132e-05,0.0,0.0,0.0,0.0,0.0,0.0,0.0,0.0,0.0,0.0,0.0,0.0,0.0,0.0,0.003984213589231272,0.0018810773198424593,0.0,0.0,0.00776878331015793,0.0,0.0,0.0,0.0,0.0,0.0,0.0,0.0,0.0,0.0,0.0,0.0,0.0,0.0,0.0,0.0,0.0,0.21601600042526176,0.0,0.0,0.0,0.0,0.20949727922498032,0.04830116545161306,0.0,0.0,0.0,0.0,0.0,0.0,0.0,0.0,0.0,0.0,0.0,0.0,0.0,0.030883222265241088,0.0,0.0,0.0,0.0,0.0,0.0,0.0,0.0,0.0,0.0,0.0,0.0,0.0,0.0,0.0,0.0,0.0,0.0,0.0
527,0.0,0.00043922076750753966,0.0,0.0,0.0,0.0,0.0,0.0,0.0,0.0,0.0,0.0,0.0,0.01237761368302732,0.0,0.0,0.0,0.0,0.0,0.0,0.0,0.0,0.0,0.0,0.0,0.0,0.0,0.0,0.0,0.0,0.0,0.0,0.0,0.0,0.0,3.2793984274779385e-07,0.0,0.0,0.0,0.0,0.0017350593727876785,0.0,0.0,0.0,0.0,0.0,0.0,0.0,0.0,0.0,0.0,0.0,0.0,0.0,0.0,9.536166212416388e-08,2.7679534946050276e-07,0.5613559876544214,0.0,6.909475285609783e-07,0.0,0.0,0.0,0.0,0.0,0.0,0.0,0.0,0.0,0.0,0.0,0.0,0.0,0.0,4.044692043575407e-06,0.0,0.0,3.1033549159682864e-07,0.0,0.0,0.0,0.0,0.0,0.0,0.0,0.0,0.0,0.0,0.0,0.0,0.0,0.0,0.0,0.0,0.0,0.0,0.0,0.0,0.0,0.0
